video_name,predicted_class
001.mp4,abseiling
002.mp4,abseiling
003.mp4,abseiling
004.mp4,applauding
005.mp4,applying cream
006.mp4,abseiling
007.mp4,applauding
008.mp4,abseiling
009.mp4,applying cream
010.mp4,abseiling
011.mp4,abseiling
012.mp4,abseiling
013.mp4,abseiling
014.mp4,abseiling
015.mp4,applauding
016.mp4,abseiling
017.mp4,abseiling
018.mp4,abseiling
019.mp4,applying cream
020.mp4,applauding
021.mp4,abseiling
022.mp4,abseiling
023.mp4,applauding
024.mp4,applying cream
025.mp4,applying cream
026.mp4,abseiling
027.mp4,applauding
028.mp4,abseiling
029.mp4,abseiling
030.mp4,abseiling
031.mp4,applying cream
032.mp4,applying cream
033.mp4,applauding
034.mp4,abseiling
035.mp4,abseiling
036.mp4,applauding
037.mp4,abseiling
038.mp4,applauding
039.mp4,abseiling
040.mp4,applauding
041.mp4,applauding
042.mp4,applauding
043.mp4,applying cream
044.mp4,feeding goats
045.mp4,feeding goats
046.mp4,applauding
047.mp4,abseiling
048.mp4,applauding
049.mp4,abseiling
050.mp4,abseiling
051.mp4,abseiling
052.mp4,abseiling
053.mp4,abseiling
054.mp4,applauding
055.mp4,abseiling
056.mp4,applauding
057.mp4,applauding
058.mp4,applauding
059.mp4,abseiling
060.mp4,abseiling
061.mp4,abseiling
062.mp4,abseiling
063.mp4,dancing ballet
064.mp4,abseiling
065.mp4,abseiling
066.mp4,applauding
067.mp4,abseiling
068.mp4,applauding
069.mp4,abseiling
070.mp4,abseiling
071.mp4,applauding
072.mp4,abseiling
073.mp4,abseiling
074.mp4,abseiling
075.mp4,abseiling
076.mp4,running
077.mp4,applying cream
078.mp4,applauding
079.mp4,abseiling
080.mp4,abseiling
081.mp4,applauding
082.mp4,applauding
083.mp4,abseiling
084.mp4,applauding
085.mp4,abseiling
086.mp4,applying cream
087.mp4,applying cream
088.mp4,abseiling
089.mp4,abseiling
090.mp4,abseiling
091.mp4,feeding goats
092.mp4,applying cream
093.mp4,applauding
094.mp4,abseiling
095.mp4,abseiling
096.mp4,applauding
097.mp4,abseiling
098.mp4,abseiling
099.mp4,abseiling
100.mp4,feeding goats
1000.mp4,abseiling
101.mp4,abseiling
102.mp4,abseiling
103.mp4,abseiling
104.mp4,applying cream
105.mp4,abseiling
106.mp4,abseiling
107.mp4,abseiling
108.mp4,applying cream
109.mp4,applying cream
110.mp4,applying cream
111.mp4,abseiling
112.mp4,applying cream
113.mp4,abseiling
114.mp4,abseiling
115.mp4,applying cream
116.mp4,applying cream
117.mp4,applauding
118.mp4,applauding
119.mp4,abseiling
120.mp4,abseiling
121.mp4,abseiling
122.mp4,abseiling
123.mp4,abseiling
124.mp4,abseiling
125.mp4,applying cream
126.mp4,applying cream
127.mp4,abseiling
128.mp4,applauding
129.mp4,abseiling
130.mp4,abseiling
131.mp4,abseiling
132.mp4,applauding
133.mp4,abseiling
134.mp4,applauding
135.mp4,abseiling
136.mp4,applauding
137.mp4,abseiling
138.mp4,abseiling
139.mp4,abseiling
140.mp4,swimming
141.mp4,applying cream
142.mp4,applauding
143.mp4,applauding
144.mp4,abseiling
145.mp4,abseiling
146.mp4,abseiling
147.mp4,applauding
148.mp4,abseiling
149.mp4,abseiling
150.mp4,applauding
151.mp4,abseiling
152.mp4,applauding
153.mp4,applying cream
154.mp4,applauding
155.mp4,applauding
156.mp4,applying cream
157.mp4,applauding
158.mp4,abseiling
159.mp4,applauding
160.mp4,applying cream
161.mp4,abseiling
162.mp4,abseiling
163.mp4,cooking on campfire
164.mp4,abseiling
165.mp4,abseiling
166.mp4,abseiling
167.mp4,applying cream
168.mp4,abseiling
169.mp4,abseiling
170.mp4,abseiling
171.mp4,abseiling
172.mp4,abseiling
173.mp4,abseiling
174.mp4,abseiling
175.mp4,applauding
176.mp4,feeding goats
177.mp4,applying cream
178.mp4,abseiling
179.mp4,abseiling
180.mp4,abseiling
181.mp4,abseiling
182.mp4,applying cream
183.mp4,applying cream
184.mp4,abseiling
185.mp4,applauding
186.mp4,applauding
187.mp4,abseiling
188.mp4,dancing ballet
189.mp4,abseiling
190.mp4,abseiling
191.mp4,abseiling
192.mp4,abseiling
193.mp4,applauding
194.mp4,applauding
195.mp4,abseiling
196.mp4,applying cream
197.mp4,applauding
198.mp4,discloser
199.mp4,applying cream
200.mp4,abseiling
201.mp4,abseiling
202.mp4,abseiling
203.mp4,applauding
204.mp4,applauding
205.mp4,applauding
206.mp4,applying cream
207.mp4,abseiling
208.mp4,applauding
209.mp4,abseiling
210.mp4,applying cream
211.mp4,applying cream
212.mp4,abseiling
213.mp4,abseiling
214.mp4,abseiling
215.mp4,abseiling
216.mp4,abseiling
217.mp4,abseiling
218.mp4,applying cream
219.mp4,applauding
220.mp4,abseiling
221.mp4,abseiling
222.mp4,abseiling
223.mp4,applauding
224.mp4,abseiling
225.mp4,abseiling
226.mp4,applauding
227.mp4,swimming
228.mp4,applauding
229.mp4,abseiling
230.mp4,applauding
231.mp4,applauding
232.mp4,abseiling
233.mp4,abseiling
234.mp4,applauding
235.mp4,abseiling
236.mp4,cooking on campfire
237.mp4,abseiling
238.mp4,applauding
239.mp4,applauding
240.mp4,abseiling
241.mp4,abseiling
242.mp4,abseiling
243.mp4,abseiling
244.mp4,abseiling
245.mp4,abseiling
246.mp4,abseiling
247.mp4,abseiling
248.mp4,abseiling
249.mp4,abseiling
250.mp4,abseiling
251.mp4,applauding
252.mp4,abseiling
253.mp4,abseiling
254.mp4,abseiling
255.mp4,abseiling
256.mp4,abseiling
257.mp4,abseiling
258.mp4,abseiling
259.mp4,abseiling
260.mp4,abseiling
261.mp4,abseiling
262.mp4,rowing
263.mp4,applying cream
264.mp4,abseiling
265.mp4,abseiling
266.mp4,abseiling
267.mp4,abseiling
268.mp4,abseiling
269.mp4,abseiling
270.mp4,abseiling
271.mp4,abseiling
272.mp4,applauding
273.mp4,abseiling
274.mp4,abseiling
275.mp4,abseiling
276.mp4,abseiling
277.mp4,abseiling
278.mp4,abseiling
279.mp4,applauding
280.mp4,abseiling
281.mp4,abseiling
282.mp4,applying cream
283.mp4,applauding
284.mp4,abseiling
285.mp4,balloon blowing
286.mp4,abseiling
287.mp4,abseiling
288.mp4,applauding
289.mp4,applauding
290.mp4,applauding
291.mp4,applying cream
292.mp4,applauding
293.mp4,applying cream
294.mp4,applauding
295.mp4,abseiling
296.mp4,abseiling
297.mp4,applying cream
298.mp4,applauding
299.mp4,abseiling
300.mp4,applauding
301.mp4,abseiling
302.mp4,abseiling
303.mp4,abseiling
304.mp4,abseiling
305.mp4,abseiling
306.mp4,abseiling
307.mp4,abseiling
308.mp4,abseiling
309.mp4,applauding
310.mp4,cooking on campfire
311.mp4,abseiling
312.mp4,abseiling
313.mp4,abseiling
314.mp4,abseiling
315.mp4,abseiling
316.mp4,abseiling
317.mp4,applauding
318.mp4,abseiling
319.mp4,applauding
320.mp4,applauding
321.mp4,abseiling
322.mp4,abseiling
323.mp4,applauding
324.mp4,abseiling
325.mp4,lunge
326.mp4,applying cream
327.mp4,applying cream
328.mp4,applauding
329.mp4,abseiling
330.mp4,abseiling
331.mp4,abseiling
332.mp4,feeding goats
333.mp4,abseiling
334.mp4,abseiling
335.mp4,abseiling
336.mp4,abseiling
337.mp4,applying cream
338.mp4,applying cream
339.mp4,abseiling
340.mp4,abseiling
341.mp4,cooking on campfire
342.mp4,aerial
343.mp4,abseiling
344.mp4,abseiling
345.mp4,applauding
346.mp4,abseiling
347.mp4,applying cream
348.mp4,abseiling
349.mp4,applauding
350.mp4,abseiling
351.mp4,feeding goats
352.mp4,applying cream
353.mp4,applauding
354.mp4,abseiling
355.mp4,abseiling
356.mp4,applauding
357.mp4,abseiling
358.mp4,applauding
359.mp4,abseiling
360.mp4,abseiling
361.mp4,abseiling
362.mp4,abseiling
363.mp4,applauding
364.mp4,abseiling
365.mp4,abseiling
366.mp4,abseiling
367.mp4,applauding
368.mp4,click here
369.mp4,applauding
370.mp4,abseiling
371.mp4,cooking on campfire
372.mp4,elephant ride
373.mp4,abseiling
374.mp4,abseiling
375.mp4,abseiling
376.mp4,abseiling
377.mp4,applauding
378.mp4,applying cream
379.mp4,abseiling
380.mp4,abseiling
381.mp4,dancing ballet
382.mp4,abseiling
383.mp4,abseiling
384.mp4,applying cream
385.mp4,applying cream
386.mp4,applying cream
387.mp4,abseiling
388.mp4,applauding
389.mp4,applauding
390.mp4,applauding
391.mp4,applauding
392.mp4,abseiling
393.mp4,abseiling
394.mp4,applauding
395.mp4,abseiling
396.mp4,applauding
397.mp4,abseiling
398.mp4,applying cream
399.mp4,applauding
400.mp4,abseiling
401.mp4,abseiling
402.mp4,abseiling
403.mp4,applying cream
404.mp4,applauding
405.mp4,applauding
406.mp4,applauding
407.mp4,swimming
408.mp4,abseiling
409.mp4,applauding
410.mp4,abseiling
411.mp4,canoeing or kayaking
412.mp4,playing badminton
413.mp4,"as the method described involves very thin and narrow joints, it is essential to ensure close contact between blocks. you will reduce the occurrence of steps in the line of blocks by light tapping"
414.mp4,abseiling
415.mp4,abseiling
416.mp4,abseiling
417.mp4,abseiling
418.mp4,cooking on campfire
419.mp4,abseiling
420.mp4,abseiling
421.mp4,abseiling
422.mp4,abseiling
423.mp4,applauding
424.mp4,abseiling
425.mp4,abseiling
426.mp4,abseiling
427.mp4,abseiling
428.mp4,abseiling
429.mp4,playing badminton
430.mp4,abseiling
431.mp4,abseiling
432.mp4,feeding goats
433.mp4,abseiling
434.mp4,abseiling
435.mp4,laughing
436.mp4,abseiling
437.mp4,abseiling
438.mp4,applauding
439.mp4,abseiling
440.mp4,abseiling
441.mp4,applying cream
442.mp4,abseiling
443.mp4,abseiling
444.mp4,abseiling
445.mp4,abseiling
446.mp4,applauding
447.mp4,applauding
448.mp4,applauding
449.mp4,abseiling
450.mp4,abseiling
451.mp4,abseiling
452.mp4,applying cream
453.mp4,abseiling
454.mp4,abseiling
455.mp4,abseiling
456.mp4,applying cream
457.mp4,abseiling
458.mp4,laughing
459.mp4,applauding
460.mp4,abseiling
461.mp4,cooking on campfire
462.mp4,abseiling
463.mp4,abseiling
464.mp4,abseiling
465.mp4,applauding
466.mp4,abseiling
467.mp4,abseiling
468.mp4,applauding
469.mp4,abseiling
470.mp4,abseiling
471.mp4,abseiling
472.mp4,applauding
473.mp4,applying cream
474.mp4,applauding
475.mp4,applauding
476.mp4,abseiling
477.mp4,abseiling
478.mp4,abseiling
479.mp4,abseiling
480.mp4,applying cream
481.mp4,swimming
482.mp4,applying cream
483.mp4,abseiling
484.mp4,applauding
485.mp4,abseiling
486.mp4,applauding
487.mp4,abseiling
488.mp4,abseiling
489.mp4,abseiling
490.mp4,abseiling
491.mp4,abseiling
492.mp4,applauding
493.mp4,applauding
494.mp4,abseiling
495.mp4,abseiling
496.mp4,abseiling
497.mp4,applauding
498.mp4,applauding
499.mp4,abseiling
500.mp4,applauding
501.mp4,abseiling
502.mp4,applauding
503.mp4,laughing
504.mp4,abseiling
505.mp4,abseiling
506.mp4,applauding
507.mp4,applauding
508.mp4,applauding
509.mp4,abseiling
510.mp4,applauding
511.mp4,applauding
512.mp4,abseiling
513.mp4,abseiling
514.mp4,abseiling
515.mp4,applauding
516.mp4,abseiling
517.mp4,abseiling
518.mp4,abseiling
519.mp4,applauding
520.mp4,abseiling
521.mp4,abseiling
522.mp4,applauding
523.mp4,abseiling
524.mp4,abseiling
525.mp4,applauding
526.mp4,abseiling
527.mp4,abseiling
528.mp4,abseiling
529.mp4,applauding
530.mp4,applauding
531.mp4,abseiling
532.mp4,applauding
533.mp4,applying cream
534.mp4,applauding
535.mp4,abseiling
536.mp4,abseiling
537.mp4,abseiling
538.mp4,abseiling
539.mp4,applauding
540.mp4,applauding
541.mp4,applauding
542.mp4,abseiling
543.mp4,abseiling
544.mp4,applauding
545.mp4,abseiling
546.mp4,abseiling
547.mp4,abseiling
548.mp4,applauding
549.mp4,abseiling
550.mp4,abseiling
551.mp4,applauding
552.mp4,applying cream
553.mp4,abseiling
554.mp4,applauding
555.mp4,abseiling
556.mp4,applying cream
557.mp4,applying cream
558.mp4,spray painting
559.mp4,applauding
560.mp4,abseiling
561.mp4,abseiling
562.mp4,abseiling
563.mp4,applauding
564.mp4,spray painting
565.mp4,abseiling
566.mp4,applauding
567.mp4,abseiling
568.mp4,applauding
569.mp4,spraying
570.mp4,abseiling
571.mp4,abseiling
572.mp4,abseiling
573.mp4,abseiling
574.mp4,abseiling
575.mp4,applying cream
576.mp4,applauding
577.mp4,applauding
578.mp4,applauding
579.mp4,abseiling
580.mp4,abseiling
581.mp4,abseiling
582.mp4,abseiling
583.mp4,abseiling
584.mp4,abseiling
585.mp4,abseiling
586.mp4,applauding
587.mp4,swimming
588.mp4,abseiling
589.mp4,abseiling
590.mp4,abseiling
591.mp4,abseiling
592.mp4,abseiling
593.mp4,applying cream
594.mp4,abseiling
595.mp4,applying cream
596.mp4,abseiling
597.mp4,abseiling
598.mp4,abseiling
599.mp4,abseiling
600.mp4,abseiling
601.mp4,abseiling
602.mp4,abseiling
603.mp4,abseiling
604.mp4,abseiling
605.mp4,applauding
606.mp4,abseiling
607.mp4,applauding
608.mp4,abseiling
609.mp4,applying cream
610.mp4,applying cream
611.mp4,dancing ballet
612.mp4,abseiling
613.mp4,applying cream
614.mp4,abseiling
615.mp4,abseiling
616.mp4,abseiling
617.mp4,abseiling
618.mp4,applying cream
619.mp4,abseiling
620.mp4,abseiling
621.mp4,abseiling
622.mp4,abseiling
623.mp4,applauding
624.mp4,applying cream
625.mp4,abseiling
626.mp4,abseiling
627.mp4,abseiling
628.mp4,abseiling
629.mp4,abseiling
630.mp4,abseiling
631.mp4,abseiling
632.mp4,applauding
633.mp4,applauding
634.mp4,abseiling
635.mp4,abseiling
636.mp4,abseiling
637.mp4,abseiling
638.mp4,applying cream
639.mp4,applauding
640.mp4,abseiling
641.mp4,abseiling
642.mp4,applauding
643.mp4,applauding
644.mp4,driving car
645.mp4,abseiling
646.mp4,abseiling
647.mp4,abseiling
648.mp4,abseiling
649.mp4,abseiling
650.mp4,abseiling
651.mp4,abseiling
652.mp4,abseiling
653.mp4,applauding
654.mp4,abseiling
655.mp4,applauding
656.mp4,applying cream
657.mp4,abseiling
658.mp4,feeding goats
659.mp4,abseiling
660.mp4,abseiling
661.mp4,abseiling
662.mp4,applauding
663.mp4,abseiling
664.mp4,applauding
665.mp4,applauding
666.mp4,abseiling
667.mp4,abseiling
668.mp4,abseiling
669.mp4,applauding
670.mp4,abseiling
671.mp4,applauding
672.mp4,abseiling
673.mp4,abseiling
674.mp4,feeding goats
675.mp4,applying cream
676.mp4,applauding
677.mp4,applauding
678.mp4,abseiling
679.mp4,abseiling
680.mp4,applauding
681.mp4,abseiling
682.mp4,applauding
683.mp4,swimming
684.mp4,abseiling
685.mp4,applauding
686.mp4,abseiling
687.mp4,swimming
688.mp4,abseiling
689.mp4,abseiling
690.mp4,applying cream
691.mp4,abseiling
692.mp4,abseiling
693.mp4,applying cream
694.mp4,swimming
695.mp4,abseiling
696.mp4,abseiling
697.mp4,abseiling
698.mp4,abseiling
699.mp4,abseiling
700.mp4,applauding
701.mp4,abseiling
702.mp4,applauding
703.mp4,applauding
704.mp4,applying cream
705.mp4,abseiling
706.mp4,abseiling
707.mp4,applauding
708.mp4,applauding
709.mp4,applying cream
710.mp4,abseiling
711.mp4,abseiling
712.mp4,swimming
713.mp4,abseiling
714.mp4,abseiling
715.mp4,abseiling
716.mp4,applauding
717.mp4,abseiling
718.mp4,abseiling
719.mp4,applying cream
720.mp4,abseiling
721.mp4,abseiling
722.mp4,abseiling
723.mp4,abseiling
724.mp4,abseiling
725.mp4,abseiling
726.mp4,abseiling
727.mp4,applauding
728.mp4,spray painting
729.mp4,abseiling
730.mp4,abseiling
731.mp4,abseiling
732.mp4,applauding
733.mp4,swimming
734.mp4,abseiling
735.mp4,applying cream
736.mp4,applauding
737.mp4,applauding
738.mp4,applying cream
739.mp4,abseiling
740.mp4,applying cream
741.mp4,abseiling
742.mp4,abseiling
743.mp4,applying cream
744.mp4,abseiling
745.mp4,applying cream
746.mp4,applying cream
747.mp4,abseiling
748.mp4,abseiling
749.mp4,applauding
750.mp4,applauding
751.mp4,applauding
752.mp4,abseiling
753.mp4,applauding
754.mp4,abseiling
755.mp4,abseiling
756.mp4,applauding
757.mp4,abseiling
758.mp4,applying cream
759.mp4,abseiling
760.mp4,abseiling
761.mp4,applauding
762.mp4,abseiling
763.mp4,applauding
764.mp4,abseiling
765.mp4,abseiling
766.mp4,abseiling
767.mp4,abseiling
768.mp4,abseiling
769.mp4,abseiling
770.mp4,abseiling
771.mp4,abseiling
772.mp4,abseiling
773.mp4,abseiling
774.mp4,abseiling
775.mp4,abseiling
776.mp4,applying cream
777.mp4,abseiling
778.mp4,abseiling
779.mp4,abseiling
780.mp4,abseiling
781.mp4,abseiling
782.mp4,applauding
783.mp4,abseiling
784.mp4,abseiling
785.mp4,abseiling
786.mp4,applauding
787.mp4,applauding
788.mp4,abseiling
789.mp4,abseiling
790.mp4,abseiling
791.mp4,applying cream
792.mp4,abseiling
793.mp4,knees track over toes
794.mp4,abseiling
795.mp4,applying cream
796.mp4,applying cream
797.mp4,abseiling
798.mp4,abseiling
799.mp4,abseiling
800.mp4,abseiling
801.mp4,abseiling
802.mp4,abseiling
803.mp4,abseiling
804.mp4,abseiling
805.mp4,applauding
806.mp4,abseiling
807.mp4,abseiling
808.mp4,applauding
809.mp4,playing badminton
810.mp4,applying cream
811.mp4,applauding
812.mp4,abseiling
813.mp4,abseiling
814.mp4,abseiling
815.mp4,abseiling
816.mp4,abseiling
817.mp4,applying cream
818.mp4,abseiling
819.mp4,abseiling
820.mp4,applauding
821.mp4,abseiling
822.mp4,applying cream
823.mp4,abseiling
824.mp4,abseiling
825.mp4,applauding
826.mp4,driving car
827.mp4,abseiling
828.mp4,applauding
829.mp4,applauding
830.mp4,abseiling
831.mp4,abseiling
832.mp4,abseiling
833.mp4,swimming
834.mp4,applauding
835.mp4,applying cream
836.mp4,abseiling
837.mp4,abseiling
838.mp4,applying cream
839.mp4,abseiling
840.mp4,abseiling
841.mp4,abseiling
842.mp4,applying cream
843.mp4,applying cream
844.mp4,abseiling
845.mp4,abseiling
846.mp4,abseiling
847.mp4,abseiling
848.mp4,applauding
849.mp4,abseiling
850.mp4,abseiling
851.mp4,abseiling
852.mp4,applauding
853.mp4,abseiling
854.mp4,applauding
855.mp4,applauding
856.mp4,applying cream
857.mp4,applauding
858.mp4,abseiling
859.mp4,abseiling
860.mp4,playing badminton
861.mp4,applying cream
862.mp4,applauding
863.mp4,applauding
864.mp4,applauding
865.mp4,abseiling
866.mp4,abseiling
867.mp4,abseiling
868.mp4,applauding
869.mp4,abseiling
870.mp4,abseiling
871.mp4,abseiling
872.mp4,applauding
873.mp4,applauding
874.mp4,abseiling
875.mp4,applauding
876.mp4,abseiling
877.mp4,abseiling
878.mp4,abseiling
879.mp4,abseiling
880.mp4,applauding
881.mp4,abseiling
882.mp4,abseiling
883.mp4,abseiling
884.mp4,applying cream
885.mp4,abseiling
886.mp4,abseiling
887.mp4,applauding
888.mp4,abseiling
889.mp4,abseiling
890.mp4,applauding
891.mp4,abseiling
892.mp4,abseiling
893.mp4,abseiling
894.mp4,abseiling
895.mp4,abseiling
896.mp4,snake
897.mp4,abseiling
898.mp4,applying cream
899.mp4,applauding
900.mp4,applauding
901.mp4,abseiling
902.mp4,applauding
903.mp4,abseiling
904.mp4,abseiling
905.mp4,applying cream
906.mp4,abseiling
907.mp4,abseiling
908.mp4,abseiling
909.mp4,applauding
910.mp4,abseiling
911.mp4,abseiling
912.mp4,applauding
913.mp4,abseiling
914.mp4,swimming
915.mp4,applauding
916.mp4,abseiling
917.mp4,applauding
918.mp4,applauding
919.mp4,abseiling
920.mp4,abseiling
921.mp4,swimming
922.mp4,cooking on campfire
923.mp4,abseiling
924.mp4,abseiling
925.mp4,applying cream
926.mp4,cooking on campfire
927.mp4,abseiling
928.mp4,abseiling
929.mp4,applauding
930.mp4,abseiling
931.mp4,abseiling
932.mp4,abseiling
933.mp4,applauding
934.mp4,abseiling
935.mp4,applauding
936.mp4,abseiling
937.mp4,abseiling
938.mp4,abseiling
939.mp4,abseiling
940.mp4,abseiling
941.mp4,abseiling
942.mp4,abseiling
943.mp4,abseiling
944.mp4,abseiling
945.mp4,abseiling
946.mp4,applauding
947.mp4,applauding
948.mp4,abseiling
949.mp4,abseiling
950.mp4,applauding
951.mp4,abseiling
952.mp4,abseiling
953.mp4,applauding
954.mp4,abseiling
955.mp4,abseiling
956.mp4,abseiling
957.mp4,applauding
958.mp4,abseiling
959.mp4,applauding
960.mp4,abseiling
961.mp4,abseiling
962.mp4,abseiling
963.mp4,applying cream
964.mp4,applauding
965.mp4,abseiling
966.mp4,abseiling
967.mp4,abseiling
968.mp4,applauding
969.mp4,abseiling
970.mp4,abseiling
971.mp4,abseiling
972.mp4,abseiling
973.mp4,abseiling
974.mp4,applying cream
975.mp4,abseiling
976.mp4,abseiling
977.mp4,feeding goats
978.mp4,cooking on campfire
979.mp4,abseiling
980.mp4,abseiling
981.mp4,abseiling
982.mp4,abseiling
983.mp4,swimming
984.mp4,cooking on campfire
985.mp4,abseiling
986.mp4,abseiling
987.mp4,abseiling
988.mp4,abseiling
989.mp4,abseiling
990.mp4,applying cream
991.mp4,abseiling
992.mp4,abseiling
993.mp4,applauding
994.mp4,abseiling
995.mp4,abseiling
996.mp4,abseiling
997.mp4,applauding
998.mp4,abseiling
999.mp4,applying cream
