video_id,filename,predicted_class
1,001.mp4,pumping fist
2,002.mp4,playing chess
3,003.mp4,unloading truck
4,004.mp4,javelin throw
5,005.mp4,bandaging
6,006.mp4,lunge
7,007.mp4,laughing
8,008.mp4,bench pressing
9,009.mp4,bench pressing
10,010.mp4,shuffling cards
11,011.mp4,juggling soccer ball
12,012.mp4,bench pressing
13,013.mp4,riding elephant
14,014.mp4,canoeing or kayaking
15,015.mp4,dancing ballet
16,016.mp4,shuffling cards
17,017.mp4,swinging legs
18,018.mp4,baby waking up
19,019.mp4,doing nails
20,020.mp4,lunge
21,021.mp4,skateboarding
22,022.mp4,snatch weight lifting
23,023.mp4,tango dancing
24,024.mp4,spray painting
25,025.mp4,shuffling cards
26,026.mp4,skateboarding
27,027.mp4,laughing
28,028.mp4,riding mountain bike
29,029.mp4,fixing hair
30,030.mp4,vault
31,031.mp4,baby waking up
32,032.mp4,laughing
33,033.mp4,dunking basketball
34,034.mp4,dunking basketball
35,035.mp4,swinging legs
36,036.mp4,playing chess
37,037.mp4,canoeing or kayaking
38,038.mp4,making snowman
39,039.mp4,pole vault
40,040.mp4,playing keyboard
41,041.mp4,tango dancing
42,042.mp4,feeding goats
43,043.mp4,changing oil
44,044.mp4,feeding goats
45,045.mp4,feeding goats
46,046.mp4,tango dancing
47,047.mp4,playing trombone
48,048.mp4,capoeira
49,049.mp4,capoeira
50,050.mp4,bandaging
51,051.mp4,capoeira
52,052.mp4,dancing ballet
53,053.mp4,capoeira
54,054.mp4,feeding goats
55,055.mp4,canoeing or kayaking
56,056.mp4,dancing charleston
57,057.mp4,playing chess
58,058.mp4,playing trombone
59,059.mp4,trimming or shaving beard
60,060.mp4,laughing
61,061.mp4,canoeing or kayaking
62,062.mp4,dunking basketball
63,063.mp4,capoeira
64,064.mp4,changing oil
65,065.mp4,snatch weight lifting
66,066.mp4,playing trombone
67,067.mp4,abseiling
68,068.mp4,playing trombone
69,069.mp4,squat
70,070.mp4,snatch weight lifting
71,071.mp4,playing keyboard
72,072.mp4,plastering
73,073.mp4,sign language interpreting
74,074.mp4,squat
75,075.mp4,pole vault
76,076.mp4,hurdling
77,077.mp4,spray painting
78,078.mp4,unloading truck
79,079.mp4,changing wheel
80,080.mp4,squat
81,081.mp4,tango dancing
82,082.mp4,dunking basketball
83,083.mp4,dunking basketball
84,084.mp4,dancing macarena
85,085.mp4,unloading truck
86,086.mp4,frying vegetables
87,087.mp4,trimming or shaving beard
88,088.mp4,snorkeling
89,089.mp4,playing badminton
90,090.mp4,skateboarding
91,091.mp4,feeding goats
92,092.mp4,baby waking up
93,093.mp4,squat
94,094.mp4,making snowman
95,095.mp4,pole vault
96,096.mp4,capoeira
97,097.mp4,playing didgeridoo
98,098.mp4,abseiling
99,099.mp4,capoeira
100,100.mp4,feeding goats
1000,1000.mp4,canoeing or kayaking
101,101.mp4,skateboarding
102,102.mp4,playing badminton
103,103.mp4,swinging legs
104,104.mp4,doing nails
105,105.mp4,squat
106,106.mp4,skateboarding
107,107.mp4,riding mountain bike
108,108.mp4,baby waking up
109,109.mp4,shuffling cards
110,110.mp4,squat
111,111.mp4,riding elephant
112,112.mp4,baby waking up
113,113.mp4,riding elephant
114,114.mp4,balloon blowing
115,115.mp4,spray painting
116,116.mp4,changing wheel
117,117.mp4,dunking basketball
118,118.mp4,making snowman
119,119.mp4,unloading truck
120,120.mp4,shuffling cards
121,121.mp4,laughing
122,122.mp4,bench pressing
123,123.mp4,pushing wheelchair
124,124.mp4,canoeing or kayaking
125,125.mp4,fixing hair
126,126.mp4,sharpening knives
127,127.mp4,pole vault
128,128.mp4,playing trombone
129,129.mp4,riding elephant
130,130.mp4,lunge
131,131.mp4,pumping fist
132,132.mp4,playing trombone
133,133.mp4,laying bricks
134,134.mp4,dancing ballet
135,135.mp4,canoeing or kayaking
136,136.mp4,snatch weight lifting
137,137.mp4,spray painting
138,138.mp4,playing badminton
139,139.mp4,blasting sand
140,140.mp4,snorkeling
141,141.mp4,plastering
142,142.mp4,laughing
143,143.mp4,playing trombone
144,144.mp4,skateboarding
145,145.mp4,tying bow tie
146,146.mp4,squat
147,147.mp4,driving car
148,148.mp4,waiting in line
149,149.mp4,riding mountain bike
150,150.mp4,feeding goats
151,151.mp4,pole vault
152,152.mp4,making snowman
153,153.mp4,applying cream
154,154.mp4,playing badminton
155,155.mp4,dancing ballet
156,156.mp4,bandaging
157,157.mp4,making snowman
158,158.mp4,pumping fist
159,159.mp4,playing trombone
160,160.mp4,doing nails
161,161.mp4,jogging
162,162.mp4,playing badminton
163,163.mp4,cooking on campfire
164,164.mp4,balloon blowing
165,165.mp4,trimming or shaving beard
166,166.mp4,riding mountain bike
167,167.mp4,snatch weight lifting
168,168.mp4,balloon blowing
169,169.mp4,ripping paper
170,170.mp4,lunge
171,171.mp4,shuffling cards
172,172.mp4,squat
173,173.mp4,riding unicycle
174,174.mp4,driving car
175,175.mp4,javelin throw
176,176.mp4,feeding goats
177,177.mp4,spray painting
178,178.mp4,canoeing or kayaking
179,179.mp4,plastering
180,180.mp4,pole vault
181,181.mp4,doing nails
182,182.mp4,playing chess
183,183.mp4,bench pressing
184,184.mp4,playing didgeridoo
185,185.mp4,dancing charleston
186,186.mp4,playing keyboard
187,187.mp4,abseiling
188,188.mp4,capoeira
189,189.mp4,snatch weight lifting
190,190.mp4,bench pressing
191,191.mp4,balloon blowing
192,192.mp4,laughing
193,193.mp4,capoeira
194,194.mp4,feeding goats
195,195.mp4,capoeira
196,196.mp4,spray painting
197,197.mp4,pole vault
198,198.mp4,bandaging
199,199.mp4,baby waking up
200,200.mp4,pole vault
201,201.mp4,bench pressing
202,202.mp4,blasting sand
203,203.mp4,bench pressing
204,204.mp4,vault
205,205.mp4,playing chess
206,206.mp4,bandaging
207,207.mp4,changing wheel
208,208.mp4,bench pressing
209,209.mp4,skateboarding
210,210.mp4,bandaging
211,211.mp4,bandaging
212,212.mp4,laying bricks
213,213.mp4,abseiling
214,214.mp4,dunking basketball
215,215.mp4,balloon blowing
216,216.mp4,playing badminton
217,217.mp4,spray painting
218,218.mp4,shuffling cards
219,219.mp4,dancing ballet
220,220.mp4,tying bow tie
221,221.mp4,bench pressing
222,222.mp4,moving furniture
223,223.mp4,playing trombone
224,224.mp4,juggling soccer ball
225,225.mp4,capoeira
226,226.mp4,laughing
227,227.mp4,snorkeling
228,228.mp4,squat
229,229.mp4,pumping fist
230,230.mp4,squat
231,231.mp4,bench pressing
232,232.mp4,squat
233,233.mp4,swinging legs
234,234.mp4,dancing ballet
235,235.mp4,canoeing or kayaking
236,236.mp4,frying vegetables
237,237.mp4,spray painting
238,238.mp4,waiting in line
239,239.mp4,tango dancing
240,240.mp4,hurdling
241,241.mp4,bench pressing
242,242.mp4,riding mountain bike
243,243.mp4,vault
244,244.mp4,abseiling
245,245.mp4,making snowman
246,246.mp4,waiting in line
247,247.mp4,playing keyboard
248,248.mp4,squat
249,249.mp4,swinging legs
250,250.mp4,pole vault
251,251.mp4,feeding goats
252,252.mp4,skateboarding
253,253.mp4,playing badminton
254,254.mp4,riding unicycle
255,255.mp4,snorkeling
256,256.mp4,changing oil
257,257.mp4,canoeing or kayaking
258,258.mp4,riding unicycle
259,259.mp4,lunge
260,260.mp4,tango dancing
261,261.mp4,canoeing or kayaking
262,262.mp4,canoeing or kayaking
263,263.mp4,sharpening knives
264,264.mp4,pole vault
265,265.mp4,trimming or shaving beard
266,266.mp4,riding unicycle
267,267.mp4,balloon blowing
268,268.mp4,snatch weight lifting
269,269.mp4,waiting in line
270,270.mp4,driving car
271,271.mp4,vault
272,272.mp4,laughing
273,273.mp4,playing badminton
274,274.mp4,moving furniture
275,275.mp4,riding elephant
276,276.mp4,applying cream
277,277.mp4,feeding goats
278,278.mp4,dunking basketball
279,279.mp4,tango dancing
280,280.mp4,playing didgeridoo
281,281.mp4,sharpening knives
282,282.mp4,doing nails
283,283.mp4,fixing hair
284,284.mp4,balloon blowing
285,285.mp4,balloon blowing
286,286.mp4,balloon blowing
287,287.mp4,dancing charleston
288,288.mp4,squat
289,289.mp4,feeding goats
290,290.mp4,making snowman
291,291.mp4,doing nails
292,292.mp4,playing chess
293,293.mp4,laughing
294,294.mp4,tango dancing
295,295.mp4,riding unicycle
296,296.mp4,playing badminton
297,297.mp4,doing nails
298,298.mp4,ERROR
299,299.mp4,laying bricks
300,300.mp4,sign language interpreting
301,301.mp4,pumping fist
302,302.mp4,laughing
303,303.mp4,sharpening knives
304,304.mp4,hurdling
305,305.mp4,snatch weight lifting
306,306.mp4,dancing ballet
307,307.mp4,snorkeling
308,308.mp4,hurdling
309,309.mp4,capoeira
310,310.mp4,frying vegetables
311,311.mp4,pole vault
312,312.mp4,spray painting
313,313.mp4,vault
314,314.mp4,feeding goats
315,315.mp4,playing didgeridoo
316,316.mp4,playing badminton
317,317.mp4,tango dancing
318,318.mp4,bench pressing
319,319.mp4,dancing ballet
320,320.mp4,tango dancing
321,321.mp4,playing didgeridoo
322,322.mp4,shuffling cards
323,323.mp4,dancing macarena
324,324.mp4,waiting in line
325,325.mp4,lunge
326,326.mp4,doing nails
327,327.mp4,applying cream
328,328.mp4,playing trombone
329,329.mp4,squat
330,330.mp4,pumping fist
331,331.mp4,playing trombone
332,332.mp4,feeding goats
333,333.mp4,vault
334,334.mp4,playing badminton
335,335.mp4,lunge
336,336.mp4,trimming or shaving beard
337,337.mp4,trimming or shaving beard
338,338.mp4,trimming or shaving beard
339,339.mp4,pole vault
340,340.mp4,changing oil
341,341.mp4,frying vegetables
342,342.mp4,canoeing or kayaking
343,343.mp4,doing nails
344,344.mp4,driving car
345,345.mp4,capoeira
346,346.mp4,snorkeling
347,347.mp4,playing chess
348,348.mp4,abseiling
349,349.mp4,dancing ballet
350,350.mp4,applauding
351,351.mp4,feeding goats
352,352.mp4,spray painting
353,353.mp4,playing chess
354,354.mp4,pole vault
355,355.mp4,skateboarding
356,356.mp4,playing xylophone
357,357.mp4,balloon blowing
358,358.mp4,pole vault
359,359.mp4,playing badminton
360,360.mp4,playing didgeridoo
361,361.mp4,lunge
362,362.mp4,driving car
363,363.mp4,playing trombone
364,364.mp4,javelin throw
365,365.mp4,hurdling
366,366.mp4,lunge
367,367.mp4,javelin throw
368,368.mp4,tying bow tie
369,369.mp4,fixing hair
370,370.mp4,snatch weight lifting
371,371.mp4,cooking on campfire
372,372.mp4,riding elephant
373,373.mp4,hurdling
374,374.mp4,balloon blowing
375,375.mp4,playing xylophone
376,376.mp4,capoeira
377,377.mp4,making snowman
378,378.mp4,moving furniture
379,379.mp4,vault
380,380.mp4,bench pressing
381,381.mp4,dancing macarena
382,382.mp4,playing xylophone
383,383.mp4,abseiling
384,384.mp4,doing nails
385,385.mp4,fixing hair
386,386.mp4,shuffling cards
387,387.mp4,javelin throw
388,388.mp4,capoeira
389,389.mp4,capoeira
390,390.mp4,playing keyboard
391,391.mp4,feeding goats
392,392.mp4,feeding goats
393,393.mp4,juggling soccer ball
394,394.mp4,snatch weight lifting
395,395.mp4,dunking basketball
396,396.mp4,javelin throw
397,397.mp4,abseiling
398,398.mp4,bandaging
399,399.mp4,pumping fist
400,400.mp4,baby waking up
401,401.mp4,trimming or shaving beard
402,402.mp4,fixing hair
403,403.mp4,trimming or shaving beard
404,404.mp4,playing trombone
405,405.mp4,laughing
406,406.mp4,playing xylophone
407,407.mp4,snorkeling
408,408.mp4,abseiling
409,409.mp4,bench pressing
410,410.mp4,capoeira
411,411.mp4,canoeing or kayaking
412,412.mp4,playing keyboard
413,413.mp4,laying bricks
414,414.mp4,riding unicycle
415,415.mp4,dunking basketball
416,416.mp4,fixing hair
417,417.mp4,feeding goats
418,418.mp4,frying vegetables
419,419.mp4,swinging legs
420,420.mp4,canoeing or kayaking
421,421.mp4,abseiling
422,422.mp4,javelin throw
423,423.mp4,javelin throw
424,424.mp4,swinging legs
425,425.mp4,dunking basketball
426,426.mp4,bench pressing
427,427.mp4,riding mountain bike
428,428.mp4,snatch weight lifting
429,429.mp4,playing xylophone
430,430.mp4,bench pressing
431,431.mp4,sharpening knives
432,432.mp4,feeding goats
433,433.mp4,laughing
434,434.mp4,snatch weight lifting
435,435.mp4,laughing
436,436.mp4,pumping fist
437,437.mp4,pole vault
438,438.mp4,tango dancing
439,439.mp4,squat
440,440.mp4,playing keyboard
441,441.mp4,doing nails
442,442.mp4,sharpening knives
443,443.mp4,capoeira
444,444.mp4,moving furniture
445,445.mp4,vault
446,446.mp4,dancing ballet
447,447.mp4,bench pressing
448,448.mp4,balloon blowing
449,449.mp4,playing trombone
450,450.mp4,blasting sand
451,451.mp4,playing didgeridoo
452,452.mp4,bandaging
453,453.mp4,dunking basketball
454,454.mp4,vault
455,455.mp4,abseiling
456,456.mp4,shuffling cards
457,457.mp4,fixing hair
458,458.mp4,laughing
459,459.mp4,dancing macarena
460,460.mp4,riding unicycle
461,461.mp4,frying vegetables
462,462.mp4,playing xylophone
463,463.mp4,hurdling
464,464.mp4,vault
465,465.mp4,tango dancing
466,466.mp4,blasting sand
467,467.mp4,dunking basketball
468,468.mp4,playing badminton
469,469.mp4,dancing ballet
470,470.mp4,abseiling
471,471.mp4,skateboarding
472,472.mp4,bench pressing
473,473.mp4,baby waking up
474,474.mp4,laughing
475,475.mp4,tango dancing
476,476.mp4,playing xylophone
477,477.mp4,vault
478,478.mp4,vault
479,479.mp4,swinging legs
480,480.mp4,spray painting
481,481.mp4,snorkeling
482,482.mp4,changing wheel
483,483.mp4,snatch weight lifting
484,484.mp4,laughing
485,485.mp4,feeding goats
486,486.mp4,playing trombone
487,487.mp4,riding mountain bike
488,488.mp4,changing oil
489,489.mp4,trimming or shaving beard
490,490.mp4,doing nails
491,491.mp4,cooking on campfire
492,492.mp4,squat
493,493.mp4,snatch weight lifting
494,494.mp4,ripping paper
495,495.mp4,lunge
496,496.mp4,playing xylophone
497,497.mp4,snatch weight lifting
498,498.mp4,playing trombone
499,499.mp4,capoeira
500,500.mp4,playing trombone
501,501.mp4,snorkeling
502,502.mp4,dancing macarena
503,503.mp4,laughing
504,504.mp4,cooking on campfire
505,505.mp4,blasting sand
506,506.mp4,playing keyboard
507,507.mp4,ripping paper
508,508.mp4,javelin throw
509,509.mp4,canoeing or kayaking
510,510.mp4,snatch weight lifting
511,511.mp4,playing xylophone
512,512.mp4,lunge
513,513.mp4,dancing ballet
514,514.mp4,riding elephant
515,515.mp4,skateboarding
516,516.mp4,lunge
517,517.mp4,dunking basketball
518,518.mp4,changing oil
519,519.mp4,playing xylophone
520,520.mp4,changing oil
521,521.mp4,dunking basketball
522,522.mp4,pumping fist
523,523.mp4,unloading truck
524,524.mp4,blasting sand
525,525.mp4,riding elephant
526,526.mp4,laughing
527,527.mp4,squat
528,528.mp4,pumping fist
529,529.mp4,pumping fist
530,530.mp4,capoeira
531,531.mp4,snatch weight lifting
532,532.mp4,driving car
533,533.mp4,bandaging
534,534.mp4,playing xylophone
535,535.mp4,vault
536,536.mp4,hurdling
537,537.mp4,canoeing or kayaking
538,538.mp4,trimming or shaving beard
539,539.mp4,pumping fist
540,540.mp4,moving furniture
541,541.mp4,bench pressing
542,542.mp4,making snowman
543,543.mp4,playing keyboard
544,544.mp4,driving car
545,545.mp4,riding elephant
546,546.mp4,bench pressing
547,547.mp4,baby waking up
548,548.mp4,bench pressing
549,549.mp4,making snowman
550,550.mp4,pole vault
551,551.mp4,playing trombone
552,552.mp4,squat
553,553.mp4,changing wheel
554,554.mp4,tango dancing
555,555.mp4,canoeing or kayaking
556,556.mp4,plastering
557,557.mp4,changing oil
558,558.mp4,spray painting
559,559.mp4,making snowman
560,560.mp4,capoeira
561,561.mp4,playing didgeridoo
562,562.mp4,balloon blowing
563,563.mp4,dancing charleston
564,564.mp4,spray painting
565,565.mp4,riding unicycle
566,566.mp4,dancing macarena
567,567.mp4,lunge
568,568.mp4,dancing ballet
569,569.mp4,spray painting
570,570.mp4,riding mountain bike
571,571.mp4,trimming or shaving beard
572,572.mp4,sign language interpreting
573,573.mp4,balloon blowing
574,574.mp4,dunking basketball
575,575.mp4,baby waking up
576,576.mp4,dunking basketball
577,577.mp4,playing chess
578,578.mp4,dancing macarena
579,579.mp4,pole vault
580,580.mp4,snatch weight lifting
581,581.mp4,canoeing or kayaking
582,582.mp4,abseiling
583,583.mp4,hurdling
584,584.mp4,dunking basketball
585,585.mp4,riding elephant
586,586.mp4,playing didgeridoo
587,587.mp4,snorkeling
588,588.mp4,driving car
589,589.mp4,changing oil
590,590.mp4,capoeira
591,591.mp4,skateboarding
592,592.mp4,playing chess
593,593.mp4,applying cream
594,594.mp4,skateboarding
595,595.mp4,sharpening knives
596,596.mp4,riding elephant
597,597.mp4,feeding goats
598,598.mp4,balloon blowing
599,599.mp4,applying cream
600,600.mp4,spray painting
601,601.mp4,capoeira
602,602.mp4,lunge
603,603.mp4,dunking basketball
604,604.mp4,laughing
605,605.mp4,dancing macarena
606,606.mp4,blasting sand
607,607.mp4,playing badminton
608,608.mp4,squat
609,609.mp4,applying cream
610,610.mp4,doing nails
611,611.mp4,dancing macarena
612,612.mp4,riding elephant
613,613.mp4,doing nails
614,614.mp4,playing xylophone
615,615.mp4,blasting sand
616,616.mp4,javelin throw
617,617.mp4,feeding goats
618,618.mp4,doing nails
619,619.mp4,jogging
620,620.mp4,juggling soccer ball
621,621.mp4,plastering
622,622.mp4,snatch weight lifting
623,623.mp4,playing trombone
624,624.mp4,shuffling cards
625,625.mp4,frying vegetables
626,626.mp4,driving car
627,627.mp4,dunking basketball
628,628.mp4,driving car
629,629.mp4,driving car
630,630.mp4,riding elephant
631,631.mp4,dunking basketball
632,632.mp4,tango dancing
633,633.mp4,tango dancing
634,634.mp4,skateboarding
635,635.mp4,snatch weight lifting
636,636.mp4,riding elephant
637,637.mp4,bench pressing
638,638.mp4,spray painting
639,639.mp4,baby waking up
640,640.mp4,snorkeling
641,641.mp4,skateboarding
642,642.mp4,dancing charleston
643,643.mp4,dancing macarena
644,644.mp4,driving car
645,645.mp4,playing badminton
646,646.mp4,jogging
647,647.mp4,laughing
648,648.mp4,swinging legs
649,649.mp4,swinging legs
650,650.mp4,playing xylophone
651,651.mp4,canoeing or kayaking
652,652.mp4,canoeing or kayaking
653,653.mp4,driving car
654,654.mp4,riding unicycle
655,655.mp4,playing xylophone
656,656.mp4,spray painting
657,657.mp4,playing didgeridoo
658,658.mp4,feeding goats
659,659.mp4,blasting sand
660,660.mp4,blasting sand
661,661.mp4,skateboarding
662,662.mp4,playing trombone
663,663.mp4,squat
664,664.mp4,bench pressing
665,665.mp4,playing chess
666,666.mp4,driving car
667,667.mp4,feeding goats
668,668.mp4,abseiling
669,669.mp4,playing keyboard
670,670.mp4,sign language interpreting
671,671.mp4,playing chess
672,672.mp4,capoeira
673,673.mp4,dancing charleston
674,674.mp4,feeding goats
675,675.mp4,doing nails
676,676.mp4,dunking basketball
677,677.mp4,playing xylophone
678,678.mp4,lunge
679,679.mp4,lunge
680,680.mp4,dancing ballet
681,681.mp4,capoeira
682,682.mp4,dunking basketball
683,683.mp4,snorkeling
684,684.mp4,laying bricks
685,685.mp4,playing keyboard
686,686.mp4,abseiling
687,687.mp4,snorkeling
688,688.mp4,hurdling
689,689.mp4,canoeing or kayaking
690,690.mp4,bandaging
691,691.mp4,squat
692,692.mp4,riding unicycle
693,693.mp4,laying bricks
694,694.mp4,snorkeling
695,695.mp4,blasting sand
696,696.mp4,juggling soccer ball
697,697.mp4,bench pressing
698,698.mp4,dancing macarena
699,699.mp4,playing badminton
700,700.mp4,dancing ballet
701,701.mp4,shuffling cards
702,702.mp4,squat
703,703.mp4,playing trombone
704,704.mp4,trimming or shaving beard
705,705.mp4,pole vault
706,706.mp4,playing chess
707,707.mp4,dancing ballet
708,708.mp4,laughing
709,709.mp4,spray painting
710,710.mp4,balloon blowing
711,711.mp4,tango dancing
712,712.mp4,snorkeling
713,713.mp4,feeding goats
714,714.mp4,pumping fist
715,715.mp4,unloading truck
716,716.mp4,pumping fist
717,717.mp4,laying bricks
718,718.mp4,riding unicycle
719,719.mp4,applying cream
720,720.mp4,trimming or shaving beard
721,721.mp4,snorkeling
722,722.mp4,riding unicycle
723,723.mp4,sharpening knives
724,724.mp4,playing didgeridoo
725,725.mp4,changing oil
726,726.mp4,capoeira
727,727.mp4,capoeira
728,728.mp4,spray painting
729,729.mp4,riding elephant
730,730.mp4,jogging
731,731.mp4,dunking basketball
732,732.mp4,waiting in line
733,733.mp4,snorkeling
734,734.mp4,javelin throw
735,735.mp4,doing nails
736,736.mp4,playing keyboard
737,737.mp4,making snowman
738,738.mp4,tying bow tie
739,739.mp4,riding elephant
740,740.mp4,playing xylophone
741,741.mp4,vault
742,742.mp4,playing badminton
743,743.mp4,applying cream
744,744.mp4,abseiling
745,745.mp4,snatch weight lifting
746,746.mp4,bandaging
747,747.mp4,dancing macarena
748,748.mp4,tango dancing
749,749.mp4,playing chess
750,750.mp4,dancing ballet
751,751.mp4,dancing charleston
752,752.mp4,playing didgeridoo
753,753.mp4,ripping paper
754,754.mp4,pumping fist
755,755.mp4,capoeira
756,756.mp4,making snowman
757,757.mp4,swinging legs
758,758.mp4,doing nails
759,759.mp4,laying bricks
760,760.mp4,playing chess
761,761.mp4,tango dancing
762,762.mp4,dunking basketball
763,763.mp4,playing trombone
764,764.mp4,unloading truck
765,765.mp4,laughing
766,766.mp4,changing oil
767,767.mp4,trimming or shaving beard
768,768.mp4,javelin throw
769,769.mp4,fixing hair
770,770.mp4,frying vegetables
771,771.mp4,pole vault
772,772.mp4,making snowman
773,773.mp4,riding elephant
774,774.mp4,making snowman
775,775.mp4,jogging
776,776.mp4,laying bricks
777,777.mp4,hurdling
778,778.mp4,riding unicycle
779,779.mp4,lunge
780,780.mp4,driving car
781,781.mp4,shuffling cards
782,782.mp4,laughing
783,783.mp4,riding mountain bike
784,784.mp4,hurdling
785,785.mp4,playing trombone
786,786.mp4,squat
787,787.mp4,playing chess
788,788.mp4,abseiling
789,789.mp4,snorkeling
790,790.mp4,javelin throw
791,791.mp4,sharpening knives
792,792.mp4,snorkeling
793,793.mp4,lunge
794,794.mp4,laughing
795,795.mp4,trimming or shaving beard
796,796.mp4,sharpening knives
797,797.mp4,canoeing or kayaking
798,798.mp4,riding elephant
799,799.mp4,trimming or shaving beard
800,800.mp4,skateboarding
801,801.mp4,canoeing or kayaking
802,802.mp4,pushing wheelchair
803,803.mp4,playing badminton
804,804.mp4,bench pressing
805,805.mp4,laughing
806,806.mp4,playing keyboard
807,807.mp4,skateboarding
808,808.mp4,bandaging
809,809.mp4,playing keyboard
810,810.mp4,trimming or shaving beard
811,811.mp4,pumping fist
812,812.mp4,abseiling
813,813.mp4,pushing wheelchair
814,814.mp4,playing trombone
815,815.mp4,abseiling
816,816.mp4,snorkeling
817,817.mp4,trimming or shaving beard
818,818.mp4,making snowman
819,819.mp4,skateboarding
820,820.mp4,snatch weight lifting
821,821.mp4,dunking basketball
822,822.mp4,bandaging
823,823.mp4,changing oil
824,824.mp4,swinging legs
825,825.mp4,playing trombone
826,826.mp4,driving car
827,827.mp4,bench pressing
828,828.mp4,applauding
829,829.mp4,tango dancing
830,830.mp4,skateboarding
831,831.mp4,capoeira
832,832.mp4,lunge
833,833.mp4,snorkeling
834,834.mp4,laughing
835,835.mp4,bandaging
836,836.mp4,capoeira
837,837.mp4,trimming or shaving beard
838,838.mp4,tying bow tie
839,839.mp4,shuffling cards
840,840.mp4,playing badminton
841,841.mp4,moving furniture
842,842.mp4,spray painting
843,843.mp4,spray painting
844,844.mp4,swinging legs
845,845.mp4,fixing hair
846,846.mp4,abseiling
847,847.mp4,pole vault
848,848.mp4,laughing
849,849.mp4,tango dancing
850,850.mp4,dancing ballet
851,851.mp4,shuffling cards
852,852.mp4,riding elephant
853,853.mp4,making snowman
854,854.mp4,pumping fist
855,855.mp4,tango dancing
856,856.mp4,feeding goats
857,857.mp4,laughing
858,858.mp4,feeding goats
859,859.mp4,dancing ballet
860,860.mp4,playing badminton
861,861.mp4,fixing hair
862,862.mp4,playing trombone
863,863.mp4,playing trombone
864,864.mp4,dancing ballet
865,865.mp4,canoeing or kayaking
866,866.mp4,abseiling
867,867.mp4,skateboarding
868,868.mp4,tango dancing
869,869.mp4,riding elephant
870,870.mp4,lunge
871,871.mp4,pumping fist
872,872.mp4,making snowman
873,873.mp4,tango dancing
874,874.mp4,lunge
875,875.mp4,pumping fist
876,876.mp4,playing badminton
877,877.mp4,bench pressing
878,878.mp4,riding elephant
879,879.mp4,riding unicycle
880,880.mp4,dancing ballet
881,881.mp4,skateboarding
882,882.mp4,squat
883,883.mp4,vault
884,884.mp4,changing wheel
885,885.mp4,sign language interpreting
886,886.mp4,driving car
887,887.mp4,applauding
888,888.mp4,skateboarding
889,889.mp4,playing badminton
890,890.mp4,pole vault
891,891.mp4,jogging
892,892.mp4,trimming or shaving beard
893,893.mp4,ripping paper
894,894.mp4,abseiling
895,895.mp4,dancing ballet
896,896.mp4,dunking basketball
897,897.mp4,lunge
898,898.mp4,spray painting
899,899.mp4,hurdling
900,900.mp4,dancing ballet
901,901.mp4,dancing ballet
902,902.mp4,playing didgeridoo
903,903.mp4,ripping paper
904,904.mp4,changing wheel
905,905.mp4,spray painting
906,906.mp4,blasting sand
907,907.mp4,blasting sand
908,908.mp4,skateboarding
909,909.mp4,squat
910,910.mp4,riding elephant
911,911.mp4,jogging
912,912.mp4,playing trombone
913,913.mp4,jogging
914,914.mp4,snorkeling
915,915.mp4,driving car
916,916.mp4,pushing wheelchair
917,917.mp4,bench pressing
918,918.mp4,javelin throw
919,919.mp4,juggling soccer ball
920,920.mp4,driving car
921,921.mp4,snorkeling
922,922.mp4,cooking on campfire
923,923.mp4,bench pressing
924,924.mp4,dancing ballet
925,925.mp4,playing didgeridoo
926,926.mp4,frying vegetables
927,927.mp4,lunge
928,928.mp4,driving car
929,929.mp4,playing trombone
930,930.mp4,ERROR
931,931.mp4,riding mountain bike
932,932.mp4,riding unicycle
933,933.mp4,dancing macarena
934,934.mp4,playing keyboard
935,935.mp4,ripping paper
936,936.mp4,riding unicycle
937,937.mp4,dunking basketball
938,938.mp4,blasting sand
939,939.mp4,squat
940,940.mp4,playing didgeridoo
941,941.mp4,laughing
942,942.mp4,dunking basketball
943,943.mp4,playing keyboard
944,944.mp4,playing didgeridoo
945,945.mp4,snatch weight lifting
946,946.mp4,driving car
947,947.mp4,bench pressing
948,948.mp4,skateboarding
949,949.mp4,trimming or shaving beard
950,950.mp4,playing chess
951,951.mp4,riding elephant
952,952.mp4,pole vault
953,953.mp4,tango dancing
954,954.mp4,ripping paper
955,955.mp4,riding mountain bike
956,956.mp4,playing didgeridoo
957,957.mp4,squat
958,958.mp4,frying vegetables
959,959.mp4,hurdling
960,960.mp4,playing badminton
961,961.mp4,dancing ballet
962,962.mp4,shuffling cards
963,963.mp4,doing nails
964,964.mp4,playing badminton
965,965.mp4,fixing hair
966,966.mp4,shuffling cards
967,967.mp4,riding elephant
968,968.mp4,pumping fist
969,969.mp4,capoeira
970,970.mp4,juggling soccer ball
971,971.mp4,riding elephant
972,972.mp4,pole vault
973,973.mp4,capoeira
974,974.mp4,playing chess
975,975.mp4,riding elephant
976,976.mp4,playing trombone
977,977.mp4,feeding goats
978,978.mp4,frying vegetables
979,979.mp4,balloon blowing
980,980.mp4,sign language interpreting
981,981.mp4,playing xylophone
982,982.mp4,skateboarding
983,983.mp4,snorkeling
984,984.mp4,frying vegetables
985,985.mp4,pushing wheelchair
986,986.mp4,riding unicycle
987,987.mp4,dancing ballet
988,988.mp4,squat
989,989.mp4,driving car
990,990.mp4,snatch weight lifting
991,991.mp4,pole vault
992,992.mp4,snorkeling
993,993.mp4,fixing hair
994,994.mp4,bench pressing
995,995.mp4,playing didgeridoo
996,996.mp4,playing badminton
997,997.mp4,making snowman
998,998.mp4,abseiling
999,999.mp4,changing oil
