348.mp4,abseiling
349.mp4,dancing ballet
350.mp4,applauding
351.mp4,feeding goats
352.mp4,spray painting
353.mp4,playing chess
354.mp4,pole vault
355.mp4,skateboarding
356.mp4,playing xylophone
357.mp4,balloon blowing
358.mp4,pole vault
359.mp4,playing badminton
360.mp4,applying cream
361.mp4,javelin throw
362.mp4,driving car
363.mp4,playing didgeridoo
364.mp4,javelin throw
365.mp4,javelin throw
366.mp4,lunging
367.mp4,javelin throw
368.mp4,tying bow tie
369.mp4,abseiling
370.mp4,snatch weight lifting
371.mp4,cooking on campfire
372.mp4,riding elephant
373.mp4,jogging
374.mp4,balloon blowing
375.mp4,abseiling
376.mp4,capoeira
377.mp4,making snowman
378.mp4,moving furniture
379.mp4,pole vault
380.mp4,bench pressing
381.mp4,dancing macarena
382.mp4,playing xylophone
383.mp4,abseiling
384.mp4,doing nails
385.mp4,fixing hair
386.mp4,doing nails
387.mp4,javelin throw
388.mp4,capoeira
389.mp4,capoeira
390.mp4,playing keyboard
391.mp4,abseiling
392.mp4,abseiling
393.mp4,juggling soccer ball
394.mp4,snatch weight lifting
395.mp4,dunking basketball
396.mp4,javelin throw
397.mp4,abseiling
398.mp4,bandaging
399.mp4,javelin throw
400.mp4,baby waking up
401.mp4,trimming or shaving beard
402.mp4,abseiling
403.mp4,trimming or shaving beard
404.mp4,playing trombone
405.mp4,applauding
406.mp4,applauding
407.mp4,snorkeling
408.mp4,abseiling
409.mp4,bench pressing
410.mp4,capoeira
411.mp4,canoeing or kayaking
412.mp4,playing keyboard
413.mp4,laying bricks
414.mp4,riding unicycle
415.mp4,dunking basketball
416.mp4,driving car
417.mp4,abseiling
418.mp4,frying vegetables
419.mp4,unloading truck
420.mp4,canoeing or kayaking
421.mp4,abseiling
422.mp4,javelin throw
423.mp4,javelin throw
424.mp4,lunging
425.mp4,dunking basketball
426.mp4,changing wheel
427.mp4,riding mountain bike
428.mp4,snatch weight lifting
429.mp4,playing xylophone
430.mp4,bench pressing
431.mp4,sharpening knives
432.mp4,feeding goats
433.mp4,laughing
434.mp4,snatch weight lifting
435.mp4,laughing
436.mp4,pumping fist
437.mp4,javelin throw
438.mp4,tango dancing
439.mp4,bench pressing
440.mp4,playing keyboard
441.mp4,doing nails
442.mp4,sharpening knives
443.mp4,capoeira
444.mp4,moving furniture
445.mp4,javelin throw
446.mp4,capoeira
447.mp4,bench pressing
448.mp4,balloon blowing
449.mp4,playing didgeridoo
450.mp4,blasting sand
451.mp4,playing didgeridoo
452.mp4,bandaging
453.mp4,dunking basketball
454.mp4,pole vault
455.mp4,abseiling
456.mp4,dancing macarena
457.mp4,fixing hair
458.mp4,laughing
459.mp4,dancing macarena
460.mp4,riding unicycle
461.mp4,frying vegetables
462.mp4,playing xylophone
463.mp4,hurdling
464.mp4,pole vault
465.mp4,tango dancing
466.mp4,blasting sand
467.mp4,dunking basketball
468.mp4,playing badminton
469.mp4,pole vault
470.mp4,abseiling
471.mp4,skateboarding
472.mp4,bench pressing
473.mp4,baby waking up
474.mp4,baby waking up
475.mp4,dancing macarena
476.mp4,playing xylophone
477.mp4,pole vault
478.mp4,pole vault
479.mp4,dancing macarena
480.mp4,spray painting
481.mp4,snorkeling
482.mp4,changing wheel
483.mp4,snatch weight lifting
484.mp4,playing xylophone
485.mp4,feeding goats
486.mp4,playing trombone
487.mp4,riding mountain bike
488.mp4,changing oil
489.mp4,trimming or shaving beard
490.mp4,doing nails
491.mp4,unloading truck
492.mp4,dancing macarena
493.mp4,snatch weight lifting
494.mp4,ripping paper
495.mp4,pole vault
496.mp4,playing xylophone
497.mp4,snatch weight lifting
498.mp4,playing trombone
499.mp4,capoeira
500.mp4,abseiling
501.mp4,snorkeling
502.mp4,dancing macarena
503.mp4,dancing macarena
504.mp4,cooking on campfire
505.mp4,blasting sand
506.mp4,playing keyboard
507.mp4,playing keyboard
508.mp4,javelin throw
509.mp4,canoeing or kayaking
510.mp4,bench pressing
511.mp4,playing xylophone
512.mp4,lunge
513.mp4,dancing macarena
514.mp4,riding elephant
515.mp4,skateboarding
516.mp4,hurdling
517.mp4,dunking basketball
518.mp4,changing oil
519.mp4,balloon blowing
520.mp4,changing wheel
521.mp4,dunking basketball
522.mp4,dancing macarena
523.mp4,unloading truck
524.mp4,abseiling
525.mp4,riding elephant
526.mp4,abseiling
527.mp4,squat
528.mp4,dancing macarena
529.mp4,dancing macarena
530.mp4,capoeira
531.mp4,snatch weight lifting
532.mp4,baby waking up
533.mp4,bandaging
534.mp4,playing xylophone
535.mp4,pole vault
536.mp4,pole vault
537.mp4,unloading truck
538.mp4,trimming or shaving beard
539.mp4,dancing macarena
540.mp4,laying bricks
541.mp4,bench pressing
542.mp4,making snowman
543.mp4,playing keyboard
544.mp4,changing wheel
545.mp4,riding elephant
546.mp4,bench pressing
547.mp4,abseiling
548.mp4,bench pressing
549.mp4,making snowman
550.mp4,pole vault
551.mp4,playing trombone
552.mp4,snatch weight lifting
553.mp4,changing wheel
554.mp4,tango dancing
555.mp4,canoeing or kayaking
556.mp4,plastering
557.mp4,changing oil
558.mp4,spray painting
559.mp4,making snowman
560.mp4,capoeira
561.mp4,playing didgeridoo
562.mp4,balloon blowing
563.mp4,dancing macarena
564.mp4,spray painting
565.mp4,riding unicycle
566.mp4,dancing macarena
567.mp4,bench pressing
568.mp4,dancing ballet
569.mp4,spray painting
570.mp4,riding mountain bike
571.mp4,trimming or shaving beard
572.mp4,sign language interpreting
573.mp4,balloon blowing
574.mp4,dunking basketball
575.mp4,baby waking up
576.mp4,juggling soccer ball
577.mp4,playing chess
578.mp4,abseiling
579.mp4,javelin throw
580.mp4,snatch weight lifting
581.mp4,canoeing or kayaking
582.mp4,abseiling
583.mp4,hurdling
584.mp4,dunking basketball
585.mp4,riding elephant
586.mp4,playing didgeridoo
587.mp4,snorkeling
588.mp4,driving car
589.mp4,changing oil
590.mp4,capoeira
591.mp4,skateboarding
592.mp4,playing chess
593.mp4,applying cream
594.mp4,skateboarding
595.mp4,sharpening knives
596.mp4,abseiling
597.mp4,feeding goats
598.mp4,balloon blowing
599.mp4,applying cream
600.mp4,abseiling
601.mp4,applauding
602.mp4,abseiling
603.mp4,dunking basketball
604.mp4,laughing
605.mp4,dancing macarena
606.mp4,changing wheel
607.mp4,juggling soccer ball
608.mp4,bench pressing
609.mp4,applauding
610.mp4,doing nails
611.mp4,dancing macarena
612.mp4,riding elephant
613.mp4,applying cream
614.mp4,playing xylophone
615.mp4,blasting sand
616.mp4,javelin throw
617.mp4,feeding goats
618.mp4,doing nails
619.mp4,playing badminton
620.mp4,skateboarding
621.mp4,plastering
622.mp4,snatch weight lifting
623.mp4,playing trombone
624.mp4,juggling soccer ball
625.mp4,cooking on campfire
626.mp4,driving car
627.mp4,dunking basketball
628.mp4,driving car
629.mp4,driving car
630.mp4,riding elephant
631.mp4,dunking basketball
632.mp4,tango dancing
633.mp4,tango dancing
634.mp4,skateboarding
635.mp4,snatch weight lifting
636.mp4,riding elephant
637.mp4,bench pressing
638.mp4,spray painting
639.mp4,baby waking up
640.mp4,abseiling
641.mp4,skateboarding
642.mp4,dancing macarena
643.mp4,dancing macarena
644.mp4,driving car
645.mp4,playing badminton
646.mp4,jogging
647.mp4,feeding goats
648.mp4,dancing macarena
649.mp4,lunge
650.mp4,playing xylophone
651.mp4,canoeing or kayaking
652.mp4,canoeing or kayaking
653.mp4,driving car
654.mp4,riding unicycle
655.mp4,playing xylophone
656.mp4,spray painting
657.mp4,playing didgeridoo
658.mp4,feeding goats
659.mp4,changing wheel
660.mp4,blasting sand
661.mp4,skateboarding
662.mp4,playing trombone
663.mp4,squat
664.mp4,snatch weight lifting
665.mp4,playing chess
666.mp4,driving car
667.mp4,abseiling
668.mp4,abseiling
669.mp4,playing keyboard
670.mp4,sign language interpreting
671.mp4,playing chess
672.mp4,capoeira
673.mp4,dancing charleston
674.mp4,feeding goats
675.mp4,doing nails
676.mp4,dunking basketball
677.mp4,playing xylophone
678.mp4,jogging
679.mp4,squat
680.mp4,dancing ballet
681.mp4,capoeira
682.mp4,dunking basketball
683.mp4,snorkeling
684.mp4,laying bricks
685.mp4,playing keyboard
686.mp4,abseiling
687.mp4,snorkeling
688.mp4,hurdling
689.mp4,canoeing or kayaking
690.mp4,bandaging
691.mp4,squat
692.mp4,riding unicycle
693.mp4,laying bricks
694.mp4,snorkeling
695.mp4,blasting sand
696.mp4,juggling soccer ball
697.mp4,bench pressing
698.mp4,dancing macarena
699.mp4,playing badminton
700.mp4,dancing ballet
701.mp4,shuffling cards
702.mp4,lunge
703.mp4,playing trombone
704.mp4,trimming or shaving beard
705.mp4,javelin throw
706.mp4,playing chess
707.mp4,dancing ballet
708.mp4,laughing
709.mp4,spray painting
710.mp4,balloon blowing
711.mp4,tango dancing
712.mp4,snorkeling
713.mp4,feeding goats
714.mp4,applauding
715.mp4,unloading truck
716.mp4,applauding
717.mp4,laying bricks
718.mp4,riding unicycle
719.mp4,applying cream
720.mp4,doing nails
721.mp4,abseiling
722.mp4,riding unicycle
723.mp4,sharpening knives
724.mp4,playing didgeridoo
725.mp4,changing oil
726.mp4,capoeira
727.mp4,capoeira
728.mp4,spray painting
729.mp4,riding elephant
730.mp4,jogging
731.mp4,dunking basketball
732.mp4,waiting in line
733.mp4,snorkeling
734.mp4,javelin throw
735.mp4,applying cream
736.mp4,playing keyboard
737.mp4,making snowman
738.mp4,tying bow tie
739.mp4,abseiling
740.mp4,playing xylophone
741.mp4,pole vault
742.mp4,dancing macarena
743.mp4,applying cream
744.mp4,abseiling
745.mp4,snatch weight lifting
746.mp4,bandaging
747.mp4,dancing macarena
748.mp4,tango dancing
749.mp4,playing chess
750.mp4,dancing ballet
751.mp4,dancing macarena
752.mp4,capoeira
753.mp4,feeding goats
754.mp4,applauding
755.mp4,capoeira
756.mp4,making snowman
757.mp4,lunging
758.mp4,doing nails
759.mp4,laying bricks
760.mp4,changing oil
761.mp4,dancing ballet
762.mp4,dunking basketball
763.mp4,playing trombone
764.mp4,unloading truck
765.mp4,applauding
766.mp4,changing oil
767.mp4,trimming or shaving beard
768.mp4,javelin throw
769.mp4,changing wheel
770.mp4,cooking on campfire
771.mp4,pole vault
772.mp4,making snowman
773.mp4,riding elephant
774.mp4,making snowman
775.mp4,jogging
776.mp4,laying bricks
777.mp4,hurdling
778.mp4,riding unicycle
779.mp4,snatch weight lifting
780.mp4,driving car
781.mp4,shuffling cards
782.mp4,laughing
783.mp4,riding mountain bike
784.mp4,hurdling
785.mp4,playing trombone
786.mp4,javelin throw
787.mp4,playing chess
788.mp4,abseiling
789.mp4,snorkeling
790.mp4,javelin throw
791.mp4,bandaging
792.mp4,snorkeling
793.mp4,squat
794.mp4,laughing
795.mp4,trimming or shaving beard
796.mp4,sharpening knives
797.mp4,canoeing or kayaking
798.mp4,riding elephant
799.mp4,trimming or shaving beard
800.mp4,skateboarding
801.mp4,canoeing or kayaking
802.mp4,pushing wheelchair
803.mp4,playing badminton
804.mp4,bench pressing
805.mp4,baby waking up
806.mp4,dancing macarena
807.mp4,skateboarding
808.mp4,bandaging
809.mp4,playing keyboard
810.mp4,trimming or shaving beard
811.mp4,dancing macarena
812.mp4,abseiling
813.mp4,pushing wheelchair
814.mp4,playing trombone
815.mp4,abseiling
816.mp4,snorkeling
817.mp4,trimming or shaving beard
818.mp4,making snowman
819.mp4,skateboarding
820.mp4,snatch weight lifting
821.mp4,dunking basketball
822.mp4,applying cream
823.mp4,changing oil
824.mp4,pushing wheelchair
825.mp4,playing trombone
826.mp4,driving car
827.mp4,bench pressing
828.mp4,applauding
829.mp4,dancing macarena
830.mp4,skateboarding
831.mp4,capoeira
832.mp4,lunge
833.mp4,snorkeling
834.mp4,laughing
835.mp4,bandaging
836.mp4,capoeira
837.mp4,trimming or shaving beard
838.mp4,tying bow tie
839.mp4,juggling soccer ball
840.mp4,playing badminton
841.mp4,moving furniture
842.mp4,spray painting
843.mp4,bench pressing
844.mp4,pole vault
845.mp4,doing nails
846.mp4,abseiling
847.mp4,dunking basketball
848.mp4,dancing macarena
849.mp4,tango dancing
850.mp4,dancing ballet
851.mp4,unloading truck
852.mp4,riding elephant
853.mp4,making snowman
854.mp4,pumping fist
855.mp4,dancing macarena
856.mp4,applying cream
857.mp4,laughing
858.mp4,feeding goats
859.mp4,dancing macarena
860.mp4,playing badminton
861.mp4,applying cream
862.mp4,playing trombone
863.mp4,playing trombone
864.mp4,dancing macarena
865.mp4,canoeing or kayaking
866.mp4,abseiling
867.mp4,skateboarding
868.mp4,snatch weight lifting
869.mp4,riding mountain bike
870.mp4,dancing macarena
871.mp4,applauding
872.mp4,making snowman
873.mp4,tango dancing
874.mp4,abseiling
875.mp4,dancing macarena
876.mp4,abseiling
877.mp4,laying bricks
878.mp4,riding elephant
879.mp4,pushing wheelchair
880.mp4,dancing macarena
881.mp4,skateboarding
882.mp4,bench pressing
883.mp4,pole vault
884.mp4,changing wheel
885.mp4,fixing hair
886.mp4,driving car
887.mp4,applauding
888.mp4,skateboarding
889.mp4,abseiling
890.mp4,pole vault
891.mp4,abseiling
892.mp4,trimming or shaving beard
893.mp4,ripping paper
894.mp4,abseiling
895.mp4,dancing macarena
896.mp4,dunking basketball
897.mp4,bench pressing
898.mp4,spray painting
899.mp4,hurdling
900.mp4,capoeira
901.mp4,dancing macarena
902.mp4,abseiling
903.mp4,laughing
904.mp4,changing wheel
905.mp4,changing oil
906.mp4,blasting sand
907.mp4,changing wheel
908.mp4,skateboarding
909.mp4,bench pressing
910.mp4,juggling soccer ball
911.mp4,jogging
912.mp4,playing didgeridoo
913.mp4,jogging
914.mp4,snorkeling
915.mp4,driving car
916.mp4,pushing wheelchair
917.mp4,bench pressing
918.mp4,javelin throw
919.mp4,juggling soccer ball
920.mp4,driving car
921.mp4,snorkeling
922.mp4,cooking on campfire
923.mp4,bench pressing
924.mp4,dancing ballet
925.mp4,playing didgeridoo
926.mp4,cooking on campfire
927.mp4,jogging
928.mp4,driving car
929.mp4,playing trombone
930.mp4,trimming or shaving beard
931.mp4,abseiling
932.mp4,riding unicycle
933.mp4,dancing macarena
934.mp4,playing keyboard
935.mp4,dancing macarena
936.mp4,riding unicycle
937.mp4,dunking basketball
938.mp4,blasting sand
939.mp4,bench pressing
940.mp4,playing didgeridoo
941.mp4,playing xylophone
942.mp4,dunking basketball
943.mp4,playing keyboard
944.mp4,abseiling
945.mp4,snatch weight lifting
946.mp4,changing wheel
947.mp4,bench pressing
948.mp4,skateboarding
949.mp4,trimming or shaving beard
950.mp4,playing chess
951.mp4,riding elephant
952.mp4,pole vault
953.mp4,tango dancing
954.mp4,unloading truck
955.mp4,riding mountain bike
956.mp4,capoeira
957.mp4,playing xylophone
958.mp4,frying vegetables
959.mp4,hurdling
960.mp4,playing badminton
961.mp4,dancing macarena
962.mp4,shuffling cards
963.mp4,doing nails
964.mp4,playing badminton
965.mp4,fixing hair
966.mp4,juggling soccer ball
967.mp4,riding elephant
968.mp4,dancing macarena
969.mp4,ERROR
970.mp4,juggling soccer ball
971.mp4,abseiling
972.mp4,pole vault
973.mp4,capoeira
974.mp4,applauding
975.mp4,riding elephant
976.mp4,applying cream
977.mp4,feeding goats
978.mp4,cooking on campfire
979.mp4,balloon blowing
980.mp4,applauding
981.mp4,playing xylophone
982.mp4,skateboarding
983.mp4,snorkeling
984.mp4,cooking on campfire
985.mp4,pushing wheelchair
986.mp4,riding mountain bike
987.mp4,abseiling
988.mp4,squat
989.mp4,applauding
990.mp4,snatch weight lifting
991.mp4,javelin throw
992.mp4,snorkeling
993.mp4,applauding
994.mp4,bench pressing
995.mp4,playing didgeridoo
996.mp4,playing badminton
997.mp4,making snowman
998.mp4,abseiling
999.mp4,changing oil
