video_id,filename,label,original_filename
1,001.mp4,pumping fist,pumping fist_fHakP4tXWro.mp4
2,002.mp4,playing chess,playing chess_uvCvnvTNmho.mp4
3,003.mp4,unloading truck,unloading truck_0DUlgEi9gQQ.mp4
4,004.mp4,javelin throw,javelin throw_d3EYcbjSacI.mp4
5,005.mp4,bandaging,bandaging_53MYuHDbg5E.mp4
6,006.mp4,lunge,lunge_8J8anOuz2l8.mp4
7,007.mp4,ripping paper,ripping paper_4N7qqPTZ0P8.mp4
8,008.mp4,bench pressing,bench pressing_Ee2zMc1Zxl4.mp4
9,009.mp4,bench pressing,bench pressing_6KGWfMMrEpA.mp4
10,010.mp4,shuffling cards,shuffling cards_zC0rhoPToc0.mp4
11,011.mp4,juggling soccer ball,juggling soccer ball_G1Q3kuv_DuQ.mp4
12,012.mp4,bench pressing,bench pressing_AhyoWqf88AA.mp4
13,013.mp4,riding elephant,riding elephant_22kPDFbxI1A.mp4
14,014.mp4,canoeing or kayaking,canoeing or kayaking_M8ZsINkVrRI.mp4
15,015.mp4,dancing ballet,dancing ballet_9KL0LIgx6so.mp4
16,016.mp4,shuffling cards,shuffling cards_3uHLyu3A47E.mp4
17,017.mp4,abseiling,abseiling_60hYTVgs8EQ.mp4
18,018.mp4,pumping fist,pumping fist_EmjjJBP1Fnw.mp4
19,019.mp4,doing nails,doing nails_4k486jWOuNE.mp4
20,020.mp4,lunge,lunge_UhYwuOo2kCk.mp4
21,021.mp4,skateboarding,skateboarding_1pS5naVr5u0.mp4
22,022.mp4,snatch weight lifting,snatch weight lifting_Toi7E9CKfV4.mp4
23,023.mp4,tango dancing,tango dancing_sVb-4ogfT2M.mp4
24,024.mp4,spray painting,spray painting_44n08ZV6x88.mp4
25,025.mp4,shuffling cards,shuffling cards_oaw9KK5rpjg.mp4
26,026.mp4,skateboarding,skateboarding_5ptTkNT4aoE.mp4
27,027.mp4,laughing,laughing_hlOEa0Z-YLQ.mp4
28,028.mp4,riding mountain bike,riding mountain bike_LaEaKWkXxUY.mp4
29,029.mp4,fixing hair,fixing hair_fc5RP57i7kc.mp4
30,030.mp4,vault,vault_oKpLLx0WRjk.mp4
31,031.mp4,baby waking up,baby waking up_eQKpgoez_d4.mp4
32,032.mp4,ripping paper,ripping paper_ShyoEvGu_ME.mp4
33,033.mp4,dunking basketball,dunking basketball_KNQMuh9ep9Q.mp4
34,034.mp4,dunking basketball,dunking basketball_Gwa04ZbwI6U.mp4
35,035.mp4,swinging legs,swinging legs_1VlaNbgO5JI.mp4
36,036.mp4,playing chess,playing chess_YC2WuWdUS2w.mp4
37,037.mp4,canoeing or kayaking,canoeing or kayaking_b4uYIdhuWcg.mp4
38,038.mp4,making snowman,making snowman_bZMRlJuJ61U.mp4
39,039.mp4,pole vault,pole vault_DjQgmyoARvM.mp4
40,040.mp4,playing keyboard,playing keyboard_NINngSwdpok.mp4
41,041.mp4,tango dancing,tango dancing_BGJw-UnMV44.mp4
42,042.mp4,feeding goats,feeding goats_yizzCqrr1G0.mp4
43,043.mp4,changing oil,changing oil_mOpHrob0vow.mp4
44,044.mp4,feeding goats,feeding goats_LIwMgqKuHwE.mp4
45,045.mp4,feeding goats,feeding goats_xZooC-sziPA.mp4
46,046.mp4,tango dancing,tango dancing_lPMu2KfWFPo.mp4
47,047.mp4,playing trombone,playing trombone_qSZdEx1_YMY.mp4
48,048.mp4,capoeira,capoeira_txo2N8DnP3U.mp4
49,049.mp4,capoeira,capoeira_bvRxUtKodzk.mp4
50,050.mp4,bandaging,bandaging_Ty-59QyB76U.mp4
51,051.mp4,capoeira,capoeira_4Fyr8Q4scPE.mp4
52,052.mp4,dancing ballet,dancing ballet_DhqzAVMHKZk.mp4
53,053.mp4,capoeira,capoeira_vJO0jgOpkno.mp4
54,054.mp4,feeding goats,feeding goats_Z2tIQylBmC0.mp4
55,055.mp4,canoeing or kayaking,canoeing or kayaking_i0X5PJitw_U.mp4
56,056.mp4,dancing charleston,dancing charleston_vMXO6G5a9lA.mp4
57,057.mp4,playing chess,playing chess_jiS0tKdXJD0.mp4
58,058.mp4,playing trombone,playing trombone_qoUIB149rgU.mp4
59,059.mp4,trimming or shaving beard,trimming or shaving beard_NvBKnHpeNlQ.mp4
60,060.mp4,ripping paper,ripping paper_2hecxkR6nIQ.mp4
61,061.mp4,canoeing or kayaking,canoeing or kayaking_6eEZlGYFwBs.mp4
62,062.mp4,dunking basketball,dunking basketball_0CHfpmvH1x0.mp4
63,063.mp4,capoeira,capoeira_rRdPOiZVbMg.mp4
64,064.mp4,changing oil,changing oil_U9BL3MHzb-g.mp4
65,065.mp4,snatch weight lifting,snatch weight lifting_hDmUGfe_Fdg.mp4
66,066.mp4,playing trombone,playing trombone_v2moPU89V0c.mp4
67,067.mp4,abseiling,abseiling_Zy-Bd3-E7WA.mp4
68,068.mp4,playing trombone,playing trombone_Vh-XSIyJ5dA.mp4
69,069.mp4,javelin throw,javelin throw_cEzcH5uZj5s.mp4
70,070.mp4,snatch weight lifting,snatch weight lifting_MHYiBUXGMik.mp4
71,071.mp4,playing keyboard,playing keyboard_Ab22AES3vgs.mp4
72,072.mp4,plastering,plastering_sHq7uGaAq1U.mp4
73,073.mp4,sign language interpreting,sign language interpreting_tiA_hLag5Kw.mp4
74,074.mp4,pumping fist,pumping fist_vtRaw974fEQ.mp4
75,075.mp4,pole vault,pole vault_eq3bMihiYo0.mp4
76,076.mp4,hurdling,hurdling_EcQuCO8R35E.mp4
77,077.mp4,spray painting,spray painting_af7bFhPEAyk.mp4
78,078.mp4,unloading truck,unloading truck_nnxyt5fj4xw.mp4
79,079.mp4,changing wheel,changing wheel_kfVubVtGYvU.mp4
80,080.mp4,squat,squat_FIt5nw4H3Rc.mp4
81,081.mp4,tango dancing,tango dancing__3UJof8sS9Q.mp4
82,082.mp4,dunking basketball,dunking basketball_E_C8GgCTPlg.mp4
83,083.mp4,dunking basketball,dunking basketball_5_1aiIuwUW0.mp4
84,084.mp4,dancing macarena,dancing macarena__08xCUmayOk.mp4
85,085.mp4,unloading truck,unloading truck_RMLhtkmHcqo.mp4
86,086.mp4,frying vegetables,frying vegetables_I2OGfMx4YzE.mp4
87,087.mp4,trimming or shaving beard,trimming or shaving beard_Wj7A2ydZMY8.mp4
88,088.mp4,snorkeling,snorkeling_DfrbO1H81xE.mp4
89,089.mp4,playing badminton,playing badminton_4kJIv1ZTLYo.mp4
90,090.mp4,skateboarding,skateboarding_8qYmgtcZtOo.mp4
91,091.mp4,feeding goats,feeding goats_ZR3wbkTuuFE.mp4
92,092.mp4,baby waking up,baby waking up_mpWF-78r7R0.mp4
93,093.mp4,squat,squat_QFg3TuKvXvw.mp4
94,094.mp4,making snowman,making snowman_LWwUsSx7oQc.mp4
95,095.mp4,pole vault,pole vault_jxg9tGhF_h0.mp4
96,096.mp4,capoeira,capoeira_CBPyW-ju9Zs.mp4
97,097.mp4,playing didgeridoo,playing didgeridoo_VVRsy2SjqCA.mp4
98,098.mp4,abseiling,abseiling_kGomAlkQook.mp4
99,099.mp4,capoeira,capoeira_gaxz36lVyCk.mp4
100,100.mp4,feeding goats,feeding goats_qf9fK3pxl6A.mp4
101,101.mp4,skateboarding,skateboarding_4KhH5LKUhhY.mp4
102,102.mp4,playing badminton,playing badminton_9_wuEvN2OnQ.mp4
103,103.mp4,swinging legs,swinging legs_QlGuTasXzhI.mp4
104,104.mp4,doing nails,doing nails_2o2_eQMUUUg.mp4
105,105.mp4,squat,squat_yHZEy92mKQQ.mp4
106,106.mp4,skateboarding,skateboarding_QuSJmvHMCCY.mp4
107,107.mp4,riding mountain bike,riding mountain bike_1oBfET94xuI.mp4
108,108.mp4,laughing,laughing_UNtOwmdsy4s.mp4
109,109.mp4,shuffling cards,shuffling cards_787iDRk38AM.mp4
110,110.mp4,squat,squat_BuZLRlH1sVI.mp4
111,111.mp4,riding elephant,riding elephant_Am6mn3Ktq90.mp4
112,112.mp4,baby waking up,baby waking up_i6ljbAyJXvk.mp4
113,113.mp4,riding elephant,riding elephant_Ucil-D7sQeM.mp4
114,114.mp4,balloon blowing,balloon blowing_63_Xu-Lb-oI.mp4
115,115.mp4,spray painting,spray painting_Q13KhCqTHGA.mp4
116,116.mp4,changing wheel,changing wheel_1p6HEyC1hHk.mp4
117,117.mp4,dunking basketball,dunking basketball_IhlRIr7c5LA.mp4
118,118.mp4,making snowman,making snowman_0shVF4rDazY.mp4
119,119.mp4,unloading truck,unloading truck_YxGJMmtBEIU.mp4
120,120.mp4,shuffling cards,shuffling cards_n1tXuUAPmvU.mp4
121,121.mp4,laughing,laughing_iq50BTjtQjM.mp4
122,122.mp4,bench pressing,bench pressing_sgPDFliqQUo.mp4
123,123.mp4,pushing wheelchair,pushing wheelchair_n1bquO5OBJs.mp4
124,124.mp4,canoeing or kayaking,canoeing or kayaking_Uq9W-KPJazg.mp4
125,125.mp4,fixing hair,fixing hair_VCIBafLalv8.mp4
126,126.mp4,sharpening knives,sharpening knives__CbPK4k-gJs.mp4
127,127.mp4,pole vault,pole vault_I461-pMZIUY.mp4
128,128.mp4,playing trombone,playing trombone_Kgm8Mx-p5LM.mp4
129,129.mp4,riding elephant,riding elephant_sQpS-6-O_HQ.mp4
130,130.mp4,dancing ballet,dancing ballet_Saj-fX1d0Js.mp4
131,131.mp4,pumping fist,pumping fist_dahfypGlVvE.mp4
132,132.mp4,playing trombone,playing trombone_QldhKqSXvTE.mp4
133,133.mp4,laying bricks,laying bricks_WLMOwh9hzks.mp4
134,134.mp4,dancing ballet,dancing ballet_l_KfB4H8otg.mp4
135,135.mp4,canoeing or kayaking,canoeing or kayaking_q7di6TVPyyQ.mp4
136,136.mp4,snatch weight lifting,snatch weight lifting_WNsjKv5Dvig.mp4
137,137.mp4,spray painting,spray painting_uSFdJY0qDBk.mp4
138,138.mp4,playing badminton,playing badminton_XSOw_I9ZHBk.mp4
139,139.mp4,blasting sand,blasting sand_IPpbk9FsKTo.mp4
140,140.mp4,snorkeling,snorkeling_Wlq6l2gn8EY.mp4
141,141.mp4,plastering,plastering_qoL_IM6gWCM.mp4
142,142.mp4,pumping fist,pumping fist_2BWH_SyRMew.mp4
143,143.mp4,playing trombone,playing trombone_ctTKlWPAJ1U.mp4
144,144.mp4,skateboarding,skateboarding_-uWC6MYgYEc.mp4
145,145.mp4,tying bow tie,tying bow tie_c64CSpgiJ90.mp4
146,146.mp4,squat,squat_zgW4OYyYeaY.mp4
147,147.mp4,waiting in line,waiting in line_01ZUyG4ka7k.mp4
148,148.mp4,waiting in line,waiting in line_PAhmdxqPZiA.mp4
149,149.mp4,riding mountain bike,riding mountain bike_ba1VPsp1aSg.mp4
150,150.mp4,feeding goats,feeding goats_g-Vul5BocIY.mp4
151,151.mp4,pole vault,pole vault_yjP6Nvs8YIU.mp4
152,152.mp4,making snowman,making snowman_vdd6yv6UxLw.mp4
153,153.mp4,applying cream,applying cream_lhrIyHSvaMA.mp4
154,154.mp4,playing badminton,playing badminton_jaIkrqCwc7k.mp4
155,155.mp4,dancing ballet,dancing ballet_5ZK6JympqYM.mp4
156,156.mp4,bandaging,bandaging_p0mXX6ia-pQ.mp4
157,157.mp4,making snowman,making snowman_qLeu_k7oWPw.mp4
158,158.mp4,pumping fist,pumping fist_13iOe3RNobo.mp4
159,159.mp4,playing trombone,playing trombone_bj--1HS-u6k.mp4
160,160.mp4,doing nails,doing nails_cWCJes_FH44.mp4
161,161.mp4,dancing charleston,dancing charleston_vHYK_fYnUZQ.mp4
162,162.mp4,playing badminton,playing badminton_h_kLVbaDQGE.mp4
163,163.mp4,cooking on campfire,cooking on campfire_cquhIDOjUGw.mp4
164,164.mp4,balloon blowing,balloon blowing_DjcTQZeLYMI.mp4
165,165.mp4,trimming or shaving beard,trimming or shaving beard_mtXeJi0osQ8.mp4
166,166.mp4,riding mountain bike,riding mountain bike_CF917VDeAw0.mp4
167,167.mp4,snatch weight lifting,snatch weight lifting_3H7Wx0vm4pw.mp4
168,168.mp4,balloon blowing,balloon blowing_g473Uj-y_aI.mp4
169,169.mp4,ripping paper,ripping paper_1effP13TOtA.mp4
170,170.mp4,dancing charleston,dancing charleston_zIec9gTf6cE.mp4
171,171.mp4,shuffling cards,shuffling cards_-S5q7b5fBPs.mp4
172,172.mp4,squat,squat_vs5ICwX8CWI.mp4
173,173.mp4,riding unicycle,riding unicycle_yWftwOg2S-4.mp4
174,174.mp4,driving car,driving car_sLdS5Oo5udE.mp4
175,175.mp4,javelin throw,javelin throw_QyiKdczXhek.mp4
176,176.mp4,feeding goats,feeding goats_zoX6KMuIvOQ.mp4
177,177.mp4,spray painting,spray painting_3qa1Nxnhrv8.mp4
178,178.mp4,canoeing or kayaking,canoeing or kayaking_P16DwZkslUI.mp4
179,179.mp4,plastering,plastering_NpeJ2ja5jWY.mp4
180,180.mp4,pole vault,pole vault_2IyM9NKocwI.mp4
181,181.mp4,doing nails,doing nails_cz8-LSnz4NI.mp4
182,182.mp4,playing chess,playing chess__Df2zX8TAbw.mp4
183,183.mp4,bench pressing,bench pressing_jxz6cpktV6A.mp4
184,184.mp4,playing didgeridoo,playing didgeridoo_n8H1wkidsNs.mp4
185,185.mp4,dancing charleston,dancing charleston_DmpXKBH6_0g.mp4
186,186.mp4,playing keyboard,playing keyboard_MZyh8RAnUaw.mp4
187,187.mp4,abseiling,abseiling_8pAtfl2u_FI.mp4
188,188.mp4,capoeira,capoeira_dt-Bv33YHnQ.mp4
189,189.mp4,snatch weight lifting,snatch weight lifting_FhjsezRLJSk.mp4
190,190.mp4,bench pressing,bench pressing_q82M1_lpJ7U.mp4
191,191.mp4,balloon blowing,balloon blowing_C6mtuCia5K8.mp4
192,192.mp4,laughing,laughing_MKnWpZc-MkI.mp4
193,193.mp4,capoeira,capoeira_0s7WgsH62E8.mp4
194,194.mp4,feeding goats,feeding goats_5u8-WKTjt7E.mp4
195,195.mp4,capoeira,capoeira_txpOMPhfA_E.mp4
196,196.mp4,spray painting,spray painting_aRtmVQD4gSQ.mp4
197,197.mp4,javelin throw,javelin throw_6qDrf8SXqPo.mp4
198,198.mp4,bandaging,bandaging_2ffYeuTjjvI.mp4
199,199.mp4,baby waking up,baby waking up_SMDxDMNcmpw.mp4
200,200.mp4,pole vault,pole vault_tdWCdFR4Veo.mp4
201,201.mp4,bench pressing,bench pressing_HojuGCOlt1Q.mp4
202,202.mp4,blasting sand,blasting sand_kbSNgvb2nLs.mp4
203,203.mp4,bench pressing,bench pressing_UoNIkXQ3xpw.mp4
204,204.mp4,vault,vault_1qDAHcSQpL0.mp4
205,205.mp4,playing chess,playing chess_DF_7gRarC3k.mp4
206,206.mp4,bandaging,bandaging_HPHQ_-FMewA.mp4
207,207.mp4,changing wheel,changing wheel_Xbr6ECntdys.mp4
208,208.mp4,bench pressing,bench pressing_FyYRvnHdOgU.mp4
209,209.mp4,skateboarding,skateboarding_Why3fyfwVXg.mp4
210,210.mp4,bandaging,bandaging_GjfvIgRnv58.mp4
211,211.mp4,bandaging,bandaging_stdt0_P2xfw.mp4
212,212.mp4,laying bricks,laying bricks_4ETUfJFFXEc.mp4
213,213.mp4,abseiling,abseiling_uaHqixb-Zbc.mp4
214,214.mp4,dunking basketball,dunking basketball_ZzeF04TtfKk.mp4
215,215.mp4,balloon blowing,balloon blowing_3Yi-dS2s2xY.mp4
216,216.mp4,playing badminton,playing badminton_SM0qY2t6JA0.mp4
217,217.mp4,blasting sand,blasting sand_O4rD_uupZiQ.mp4
218,218.mp4,shuffling cards,shuffling cards_8arMCFjvHEY.mp4
219,219.mp4,dancing ballet,dancing ballet_Z1JiXEfJOOs.mp4
220,220.mp4,tying bow tie,tying bow tie_1LHDkQrZI4I.mp4
221,221.mp4,bench pressing,bench pressing_oeDMVynjm_8.mp4
222,222.mp4,moving furniture,moving furniture_vMQ4KSXpLaI.mp4
223,223.mp4,playing trombone,playing trombone_Qn1U5PP_eRY.mp4
224,224.mp4,juggling soccer ball,juggling soccer ball_RKhswT6eEcg.mp4
225,225.mp4,capoeira,capoeira_32Pt0uEZbLQ.mp4
226,226.mp4,ripping paper,ripping paper_lhWW9vm2DuE.mp4
227,227.mp4,snorkeling,snorkeling_FWuFkDZUY5w.mp4
228,228.mp4,dancing macarena,dancing macarena_QyPUP8EOE0Y.mp4
229,229.mp4,pumping fist,pumping fist_fsnTaAXZrAM.mp4
230,230.mp4,squat,squat_kJs6lmgZUG8.mp4
231,231.mp4,bench pressing,bench pressing_d_H4yEti67g.mp4
232,232.mp4,squat,squat_QFiQ_5b87WQ.mp4
233,233.mp4,swinging legs,swinging legs_ZYzEcbgVWpQ.mp4
234,234.mp4,dancing ballet,dancing ballet_skI9PFDGPSc.mp4
235,235.mp4,canoeing or kayaking,canoeing or kayaking_x4SrS9hEcAs.mp4
236,236.mp4,frying vegetables,frying vegetables_JxcwV2d7dNk.mp4
237,237.mp4,spray painting,spray painting_8JTcU9MP6wM.mp4
238,238.mp4,waiting in line,waiting in line_AYTp5UfmCKQ.mp4
239,239.mp4,tango dancing,tango dancing_veaT_fh7vV8.mp4
240,240.mp4,hurdling,hurdling_X35tnMl40PA.mp4
241,241.mp4,bench pressing,bench pressing_fjImGRI0XnM.mp4
242,242.mp4,riding mountain bike,riding mountain bike_ZMw0ff1AVN4.mp4
243,243.mp4,vault,vault_hr7M2eH8EqE.mp4
244,244.mp4,abseiling,abseiling_oMzFvZunGQg.mp4
245,245.mp4,making snowman,making snowman_j1G4HmLavr4.mp4
246,246.mp4,waiting in line,waiting in line_PBOAfjN-DrM.mp4
247,247.mp4,playing keyboard,playing keyboard_DnH4nGV2zrM.mp4
248,248.mp4,squat,squat_40G_yVdDq0Q.mp4
249,249.mp4,laughing,laughing__hywoBrmn5M.mp4
250,250.mp4,pole vault,pole vault_phDxnM2-Puk.mp4
251,251.mp4,feeding goats,feeding goats_3k2o_WJhkXY.mp4
252,252.mp4,skateboarding,skateboarding_O2dkXICDzX8.mp4
253,253.mp4,playing badminton,playing badminton_aBh5HKyi3Jg.mp4
254,254.mp4,riding unicycle,riding unicycle_hmXuuR5PDmQ.mp4
255,255.mp4,snorkeling,snorkeling_M78qgOI5_Gg.mp4
256,256.mp4,changing oil,changing oil_AXtojjtvhoc.mp4
257,257.mp4,canoeing or kayaking,canoeing or kayaking_oUYAZzqNMLA.mp4
258,258.mp4,riding unicycle,riding unicycle_D3oaPHzfBD0.mp4
259,259.mp4,lunge,lunge_f0VxQ6sxs7s.mp4
260,260.mp4,pushing wheelchair,pushing wheelchair_CwvCSLVIUxc.mp4
261,261.mp4,canoeing or kayaking,canoeing or kayaking_PmE2VOaFMa4.mp4
262,262.mp4,canoeing or kayaking,canoeing or kayaking_VNe0EsuOLpo.mp4
263,263.mp4,sharpening knives,sharpening knives_UuGx1KmJcHg.mp4
264,264.mp4,pole vault,pole vault_fFd6nxl2B54.mp4
265,265.mp4,trimming or shaving beard,trimming or shaving beard_f0L7bNP2LAA.mp4
266,266.mp4,riding unicycle,riding unicycle_X56dpY3CfWo.mp4
267,267.mp4,balloon blowing,balloon blowing_bW9GAfOc4sI.mp4
268,268.mp4,snatch weight lifting,snatch weight lifting_t8bCU1e7ei4.mp4
269,269.mp4,waiting in line,waiting in line_1CcqbTFMwm0.mp4
270,270.mp4,driving car,driving car_Z9uJi416Ul0.mp4
271,271.mp4,pole vault,pole vault_U4XTHKsoaMo.mp4
272,272.mp4,bench pressing,bench pressing_jAxlicigO5Y.mp4
273,273.mp4,playing badminton,playing badminton_y49THHNdqj8.mp4
274,274.mp4,moving furniture,moving furniture_aU1_Z21lsvo.mp4
275,275.mp4,riding elephant,riding elephant_oipONYs15xw.mp4
276,276.mp4,applying cream,applying cream_MIeir8eca0g.mp4
277,277.mp4,feeding goats,feeding goats_5tmybEhhMUg.mp4
278,278.mp4,dunking basketball,dunking basketball_iW-4Xt2rOA8.mp4
279,279.mp4,tango dancing,tango dancing_dPOr5QxUha8.mp4
280,280.mp4,playing didgeridoo,playing didgeridoo_1-mo1IALh-w.mp4
281,281.mp4,sharpening knives,sharpening knives_iCtx8VYxUK4.mp4
282,282.mp4,doing nails,doing nails_ziQfE1eRQ0M.mp4
283,283.mp4,fixing hair,fixing hair_BkA-wREcJzo.mp4
284,284.mp4,balloon blowing,balloon blowing_inx5TP2Qq0o.mp4
285,285.mp4,balloon blowing,balloon blowing_6kudhkMycH0.mp4
286,286.mp4,balloon blowing,balloon blowing_32h93fmukB4.mp4
287,287.mp4,dancing charleston,dancing charleston_s9rcheMwvrA.mp4
288,288.mp4,moving furniture,moving furniture_C_6veim6V0Y.mp4
289,289.mp4,feeding goats,feeding goats_6nmEL0QF-Y8.mp4
290,290.mp4,making snowman,making snowman_85KpcEraLn4.mp4
291,291.mp4,doing nails,doing nails_KEXopMFeKZE.mp4
292,292.mp4,playing chess,playing chess_MsGsQjtJCmA.mp4
293,293.mp4,baby waking up,baby waking up_1A1uQf-Exsc.mp4
294,294.mp4,tango dancing,tango dancing__6PYt-fmMto.mp4
295,295.mp4,riding unicycle,riding unicycle_I8VpyppmilM.mp4
296,296.mp4,playing badminton,playing badminton_1p3xefky310.mp4
297,297.mp4,doing nails,doing nails_KCmQgAnAXTg.mp4
298,298.mp4,dancing macarena,dancing macarena_QMUHV79Jnjo.mp4
299,299.mp4,laying bricks,laying bricks_14ce0wzqzOo.mp4
300,300.mp4,sign language interpreting,sign language interpreting_HPNyvs0VkTw.mp4
301,301.mp4,pumping fist,pumping fist_s3YRoUz32tI.mp4
302,302.mp4,dancing macarena,dancing macarena_Z014VEQ5Et8.mp4
303,303.mp4,sharpening knives,sharpening knives_UZky2QFJpeM.mp4
304,304.mp4,hurdling,hurdling_KLDILijtO4Q.mp4
305,305.mp4,squat,squat_dM1DcPC1I8c.mp4
306,306.mp4,dancing ballet,dancing ballet_SI8pdrVhcUE.mp4
307,307.mp4,snorkeling,snorkeling_MxSLOKvll3I.mp4
308,308.mp4,hurdling,hurdling_kpeTv48xiJo.mp4
309,309.mp4,capoeira,capoeira_4k3iDiSIPMo.mp4
310,310.mp4,frying vegetables,frying vegetables_cLuR4DjI7eU.mp4
311,311.mp4,pole vault,pole vault_J6vJkEmlcq8.mp4
312,312.mp4,spray painting,spray painting_v1Woac-iYYA.mp4
313,313.mp4,pole vault,pole vault_UTBCl4qq7f0.mp4
314,314.mp4,feeding goats,feeding goats_e-IKpUhwUcA.mp4
315,315.mp4,playing didgeridoo,playing didgeridoo_1-Wz8oFfKEE.mp4
316,316.mp4,playing badminton,playing badminton_4urwqEt5S98.mp4
317,317.mp4,dancing ballet,dancing ballet_ATdFkrMcnO4.mp4
318,318.mp4,bench pressing,bench pressing_-lY0GixYJZo.mp4
319,319.mp4,dancing ballet,dancing ballet_-5Yp-vToI2E.mp4
320,320.mp4,tango dancing,tango dancing_7HPFvIGgTR0.mp4
321,321.mp4,playing didgeridoo,playing didgeridoo_Lg7oYXzu1H4.mp4
322,322.mp4,shuffling cards,shuffling cards_1zctllXrZW8.mp4
323,323.mp4,dancing macarena,dancing macarena_pT4DRXJWDI8.mp4
324,324.mp4,waiting in line,waiting in line_CZG6wY9Nzs0.mp4
325,325.mp4,lunge,lunge_Cly5JCSPX9Y.mp4
326,326.mp4,doing nails,doing nails_XUU3r7yNH_U.mp4
327,327.mp4,applying cream,applying cream_AGoBiL-sAxQ.mp4
328,328.mp4,playing trombone,playing trombone_Ft25CZzwYqI.mp4
329,329.mp4,squat,squat_nrnfdOBkcIk.mp4
330,330.mp4,pumping fist,pumping fist_1Icc2-uIth4.mp4
331,331.mp4,playing trombone,playing trombone_cnr6aIe0hr4.mp4
332,332.mp4,feeding goats,feeding goats_BzrRm1engDI.mp4
333,333.mp4,vault,vault_P15mCraJJ9I.mp4
334,334.mp4,playing badminton,playing badminton_Gc_kd1wR3jo.mp4
335,335.mp4,lunge,lunge_hy-XshYGZGY.mp4
336,336.mp4,trimming or shaving beard,trimming or shaving beard_7VgPTTqe0E8.mp4
337,337.mp4,trimming or shaving beard,trimming or shaving beard_crqn-VsAGT4.mp4
338,338.mp4,trimming or shaving beard,trimming or shaving beard_8F-DqaGl6eE.mp4
339,339.mp4,pole vault,pole vault_yjQPe0E3fOA.mp4
340,340.mp4,changing oil,changing oil_VCAH4lDlFPA.mp4
341,341.mp4,frying vegetables,frying vegetables_fAlSIna7XvA.mp4
342,342.mp4,canoeing or kayaking,canoeing or kayaking_xqwNrxQ5M1s.mp4
343,343.mp4,doing nails,doing nails_pYuK47Vrn_c.mp4
344,344.mp4,driving car,driving car_XbqDagEYLFQ.mp4
345,345.mp4,capoeira,capoeira_NEIDwzrmgCg.mp4
346,346.mp4,snorkeling,snorkeling_FHyh-yY9NvY.mp4
347,347.mp4,playing chess,playing chess_XkR4ZgGwdDY.mp4
348,348.mp4,abseiling,abseiling_fxIfAQKF-5E.mp4
349,349.mp4,dancing ballet,dancing ballet_Yvzznqd8us4.mp4
350,350.mp4,applauding,applauding_RcIwIcFRF6E.mp4
351,351.mp4,feeding goats,feeding goats_zqNq4D8uWCI.mp4
352,352.mp4,spray painting,spray painting_t9aeniGSa3M.mp4
353,353.mp4,playing chess,playing chess_lCfdOhBMFhE.mp4
354,354.mp4,javelin throw,javelin throw_6gMGxgzaLz8.mp4
355,355.mp4,skateboarding,skateboarding_1_r9h8YSU-Q.mp4
356,356.mp4,playing xylophone,playing xylophone_S5-2dhCdzOQ.mp4
357,357.mp4,balloon blowing,balloon blowing_TBkgpaJtPM0.mp4
358,358.mp4,pole vault,pole vault_UkpD_T1-qB4.mp4
359,359.mp4,playing badminton,playing badminton_UoRRXxeSGOA.mp4
360,360.mp4,playing didgeridoo,playing didgeridoo_ziBS_EMWELQ.mp4
361,361.mp4,squat,squat_dD08NNtxI0s.mp4
362,362.mp4,driving car,driving car_Y2lDWmy5vOU.mp4
363,363.mp4,playing trombone,playing trombone_BVFR6AYD9rw.mp4
364,364.mp4,javelin throw,javelin throw_ivTNQqBpPwM.mp4
365,365.mp4,hurdling,hurdling_q5wNv45ekCk.mp4
366,366.mp4,lunge,lunge_N5S-vrPq3GI.mp4
367,367.mp4,javelin throw,javelin throw_HD1xWkaDOmc.mp4
368,368.mp4,tying bow tie,tying bow tie_yfcImzuE2MA.mp4
369,369.mp4,fixing hair,fixing hair_kUqOOYMTIf4.mp4
370,370.mp4,snatch weight lifting,snatch weight lifting_T2C-E3nEn1M.mp4
371,371.mp4,cooking on campfire,cooking on campfire_gDDoV7EPxk0.mp4
372,372.mp4,riding elephant,riding elephant_BQBd7bgrtD4.mp4
373,373.mp4,hurdling,hurdling_uekuND4X0ME.mp4
374,374.mp4,balloon blowing,balloon blowing_PJtkzuVzUnQ.mp4
375,375.mp4,playing xylophone,playing xylophone_Rl_oI_Db4N4.mp4
376,376.mp4,capoeira,capoeira_33IjN-RyuVc.mp4
377,377.mp4,making snowman,making snowman_bAT_wfsHsI0.mp4
378,378.mp4,moving furniture,moving furniture_DGlT4aoYydQ.mp4
379,379.mp4,vault,vault_yY7CK2pnOYs.mp4
380,380.mp4,bench pressing,bench pressing_ZsD1_bm6lb8.mp4
381,381.mp4,dancing macarena,dancing macarena_AoU1OSY3qEc.mp4
382,382.mp4,playing xylophone,playing xylophone_dqChTpIZbHA.mp4
383,383.mp4,abseiling,abseiling_ABVY2X5gybE.mp4
384,384.mp4,doing nails,doing nails_CQuVWoTk6qo.mp4
385,385.mp4,fixing hair,fixing hair_BpX9plQqbFI.mp4
386,386.mp4,shuffling cards,shuffling cards_lSsCfj39phE.mp4
387,387.mp4,javelin throw,javelin throw_jO6b2JxP8dk.mp4
388,388.mp4,capoeira,capoeira_mnUvSPWNXn4.mp4
389,389.mp4,capoeira,capoeira_lx2-ealjpTc.mp4
390,390.mp4,playing keyboard,playing keyboard_IWr68OylMG0.mp4
391,391.mp4,feeding goats,feeding goats_OFMaHkaEiZk.mp4
392,392.mp4,feeding goats,feeding goats_QdGa3o52n9I.mp4
393,393.mp4,juggling soccer ball,juggling soccer ball_CKI-pQ7Dn3o.mp4
394,394.mp4,snatch weight lifting,snatch weight lifting_07HQUIGnlGY.mp4
395,395.mp4,dunking basketball,dunking basketball_NSBXSBqTn0o.mp4
396,396.mp4,javelin throw,javelin throw_FYq5Bqfh7LM.mp4
397,397.mp4,abseiling,abseiling_oNT_nF81-ZY.mp4
398,398.mp4,bandaging,bandaging_Bl_MVHPSGgo.mp4
399,399.mp4,pumping fist,pumping fist_w1gnXX4UrUc.mp4
400,400.mp4,baby waking up,baby waking up_m_Km54ZUV0E.mp4
401,401.mp4,trimming or shaving beard,trimming or shaving beard_AUPs7Ukfc1I.mp4
402,402.mp4,fixing hair,fixing hair_BjL9GJGgcJ0.mp4
403,403.mp4,trimming or shaving beard,trimming or shaving beard_1tIVj8BbCp0.mp4
404,404.mp4,playing trombone,playing trombone_5vGF0hWvk68.mp4
405,405.mp4,laughing,laughing_TDo8-Npsya4.mp4
406,406.mp4,playing xylophone,playing xylophone_enWcojKQHlQ.mp4
407,407.mp4,snorkeling,snorkeling_FrMW2IBCUHY.mp4
408,408.mp4,abseiling,abseiling_dMBxA3ZtLqY.mp4
409,409.mp4,bench pressing,bench pressing_mW1oYPdTYg8.mp4
410,410.mp4,capoeira,capoeira_0rjz79WV_Ko.mp4
411,411.mp4,canoeing or kayaking,canoeing or kayaking_ZBViSvgvS2I.mp4
412,412.mp4,playing keyboard,playing keyboard_F7x0ug4nl3Y.mp4
413,413.mp4,laying bricks,laying bricks_zegQTmm6pIk.mp4
414,414.mp4,riding unicycle,riding unicycle_U3R4LmTtGss.mp4
415,415.mp4,dunking basketball,dunking basketball_8-HMURpL5PE.mp4
416,416.mp4,fixing hair,fixing hair_EEzIw3VIlXs.mp4
417,417.mp4,feeding goats,feeding goats_Xbp0O5e5juo.mp4
418,418.mp4,frying vegetables,frying vegetables_dsNwv6tsR68.mp4
419,419.mp4,applauding,applauding_fdmxXGW7TRk.mp4
420,420.mp4,canoeing or kayaking,canoeing or kayaking_lrlYVLGDPqE.mp4
421,421.mp4,abseiling,abseiling_G_Nl_Tt26Nc.mp4
422,422.mp4,javelin throw,javelin throw_pgfMrlz6BC4.mp4
423,423.mp4,javelin throw,javelin throw_6t22TMiwMkg.mp4
424,424.mp4,swinging legs,swinging legs_WJNIUG8vqrw.mp4
425,425.mp4,dunking basketball,dunking basketball_TM3aRQ3Hf6c.mp4
426,426.mp4,bench pressing,bench pressing_x5TQFXiaRxg.mp4
427,427.mp4,riding mountain bike,riding mountain bike_5umUYZc1pSE.mp4
428,428.mp4,snatch weight lifting,snatch weight lifting_Rgd94R1O_Bo.mp4
429,429.mp4,playing xylophone,playing xylophone_NI1Nl3t6z_g.mp4
430,430.mp4,bench pressing,bench pressing_X6Ma61_cn24.mp4
431,431.mp4,sharpening knives,sharpening knives_emXlFYl7ksA.mp4
432,432.mp4,feeding goats,feeding goats_mI-1hzxVhM8.mp4
433,433.mp4,laughing,laughing_UEWlpeVELMc.mp4
434,434.mp4,snatch weight lifting,snatch weight lifting_Bh0TNG4MO-8.mp4
435,435.mp4,laughing,laughing_tiwTPr2t0IA.mp4
436,436.mp4,pumping fist,pumping fist_TYGyt-LWlww.mp4
437,437.mp4,pole vault,pole vault_xwWurNO9aEE.mp4
438,438.mp4,tango dancing,tango dancing_tf9WbiDYcvw.mp4
439,439.mp4,squat,squat_oTYQxAr9dEg.mp4
440,440.mp4,playing keyboard,playing keyboard__KO7xYXL7O0.mp4
441,441.mp4,doing nails,doing nails_cy0w3vtibYU.mp4
442,442.mp4,sharpening knives,sharpening knives_Xabgi7MTLJY.mp4
443,443.mp4,capoeira,capoeira_UvUkGY98fZM.mp4
444,444.mp4,moving furniture,moving furniture_UKf01D2yA58.mp4
445,445.mp4,vault,vault_fCNG5VGEWO0.mp4
446,446.mp4,dancing ballet,dancing ballet_t-0FA_PhslM.mp4
447,447.mp4,bench pressing,bench pressing_oI_mMj-AEq4.mp4
448,448.mp4,balloon blowing,balloon blowing_--gx7yb1-x0.mp4
449,449.mp4,playing trombone,playing trombone_LFw1jr-IhCA.mp4
450,450.mp4,blasting sand,blasting sand_fpZDSV8VieM.mp4
451,451.mp4,playing didgeridoo,playing didgeridoo_btNMcR8Mkww.mp4
452,452.mp4,bandaging,bandaging_y2UIUcN8fcs.mp4
453,453.mp4,dunking basketball,dunking basketball_EZ-3oiXRYqs.mp4
454,454.mp4,vault,vault_RjhvE1ugs1k.mp4
455,455.mp4,abseiling,abseiling_M-hBdj62g9Y.mp4
456,456.mp4,shuffling cards,shuffling cards_1d6SQQTn1m8.mp4
457,457.mp4,fixing hair,fixing hair_K_A_12lxDJ4.mp4
458,458.mp4,laughing,laughing_94vY3aLcdKc.mp4
459,459.mp4,dancing macarena,dancing macarena_xS9rmYQ-z2g.mp4
460,460.mp4,riding unicycle,riding unicycle_C3j4HFUUiQE.mp4
461,461.mp4,frying vegetables,frying vegetables_kObfYtwoyeM.mp4
462,462.mp4,playing xylophone,playing xylophone_jrvvQjFUIaE.mp4
463,463.mp4,hurdling,hurdling_dLtYTuLCjRo.mp4
464,464.mp4,vault,vault_C8gyalz7fRQ.mp4
465,465.mp4,tango dancing,tango dancing_6GHXZks_Iig.mp4
466,466.mp4,blasting sand,blasting sand_ACbTezZB6QU.mp4
467,467.mp4,dunking basketball,dunking basketball_L40SD5Fzcu0.mp4
468,468.mp4,playing badminton,playing badminton_Qo-uId48tSk.mp4
469,469.mp4,dancing ballet,dancing ballet_S7vIaot8QjI.mp4
470,470.mp4,abseiling,abseiling_51GJ2uVXjvM.mp4
471,471.mp4,skateboarding,skateboarding_-DsEjAY4MHY.mp4
472,472.mp4,bench pressing,bench pressing_Gt9ZZttmR3w.mp4
473,473.mp4,baby waking up,baby waking up_fXWa3S1ZIHw.mp4
474,474.mp4,laughing,laughing__tDLXB0CzrQ.mp4
475,475.mp4,tango dancing,tango dancing_MFdNLZUmxOA.mp4
476,476.mp4,playing xylophone,playing xylophone_uhBKvy_7Iv0.mp4
477,477.mp4,vault,vault__mPrBWdatho.mp4
478,478.mp4,vault,vault_MiTZwviysb0.mp4
479,479.mp4,tango dancing,tango dancing_g-YDlo0Kjb0.mp4
480,480.mp4,spray painting,spray painting_cDNCBMCPWJA.mp4
481,481.mp4,snorkeling,snorkeling_ozwBBd3qVMI.mp4
482,482.mp4,changing wheel,changing wheel_SkVe9zHoPXc.mp4
483,483.mp4,snatch weight lifting,snatch weight lifting_PzpIbLwTovU.mp4
484,484.mp4,laughing,laughing_ymhNuz5z-mM.mp4
485,485.mp4,feeding goats,feeding goats_J3cY4_-m-Fw.mp4
486,486.mp4,playing trombone,playing trombone_OzvkMjC747M.mp4
487,487.mp4,riding mountain bike,riding mountain bike_wYurO0xOy3w.mp4
488,488.mp4,changing oil,changing oil_kpvtKo3B8y0.mp4
489,489.mp4,trimming or shaving beard,trimming or shaving beard_h4oPaRL8tAo.mp4
490,490.mp4,doing nails,doing nails_OFyANM01a3Y.mp4
491,491.mp4,cooking on campfire,cooking on campfire_w3YzOjw_2_M.mp4
492,492.mp4,moving furniture,moving furniture_Fi4EwoqP2b8.mp4
493,493.mp4,snatch weight lifting,snatch weight lifting_cHS6vxtLlgc.mp4
494,494.mp4,ripping paper,ripping paper_c5wpVGWSXL4.mp4
495,495.mp4,moving furniture,moving furniture_XmidJsOfzLE.mp4
496,496.mp4,playing xylophone,playing xylophone_dVIAzd7zJzQ.mp4
497,497.mp4,snatch weight lifting,snatch weight lifting_xvM5ap5-nRk.mp4
498,498.mp4,playing trombone,playing trombone_VsHTJC16GU8.mp4
499,499.mp4,capoeira,capoeira_gbtKPYDiyGM.mp4
500,500.mp4,playing trombone,playing trombone_LY2UepyExhM.mp4
501,501.mp4,snorkeling,snorkeling_E68_Plx3tfo.mp4
502,502.mp4,dancing macarena,dancing macarena__jsUhUHsXr0.mp4
503,503.mp4,laughing,laughing_YPaacAZJN1s.mp4
504,504.mp4,cooking on campfire,cooking on campfire_v6YR_KztaqQ.mp4
505,505.mp4,blasting sand,blasting sand_ryZzdwPXrFY.mp4
506,506.mp4,playing keyboard,playing keyboard_4kEZtRh79L8.mp4
507,507.mp4,ripping paper,ripping paper_a9Rky8fdbyQ.mp4
508,508.mp4,javelin throw,javelin throw_0KyXT3W-FzQ.mp4
509,509.mp4,canoeing or kayaking,canoeing or kayaking_GpPnHJ5o1u8.mp4
510,510.mp4,snatch weight lifting,snatch weight lifting_j33cKerOKiw.mp4
511,511.mp4,playing xylophone,playing xylophone_RLTfUZrrgEw.mp4
512,512.mp4,lunge,lunge_TIleV8XT-BE.mp4
513,513.mp4,dancing ballet,dancing ballet_fyxwfPrEdmo.mp4
514,514.mp4,riding elephant,riding elephant_4d7rIVwYbxE.mp4
515,515.mp4,skateboarding,skateboarding_VdXR63VbTIs.mp4
516,516.mp4,squat,squat_FIsp9nhkHSg.mp4
517,517.mp4,dunking basketball,dunking basketball_3J87RkmWTXk.mp4
518,518.mp4,changing oil,changing oil_U8w1CQR7Fek.mp4
519,519.mp4,playing xylophone,playing xylophone_Auj-tlOq_Wc.mp4
520,520.mp4,changing oil,changing oil_MdcGzhgavNE.mp4
521,521.mp4,dunking basketball,dunking basketball_gZTXqOmf4aE.mp4
522,522.mp4,dancing macarena,dancing macarena_Z0POB0cGoAE.mp4
523,523.mp4,unloading truck,unloading truck_AxHWyaH-JcA.mp4
524,524.mp4,blasting sand,blasting sand_SZyF6SUxHNs.mp4
525,525.mp4,riding elephant,riding elephant_vGoJXWyuIzw.mp4
526,526.mp4,trimming or shaving beard,trimming or shaving beard_by41MAITMJc.mp4
527,527.mp4,squat,squat_AfPkXoJM2sY.mp4
528,528.mp4,pumping fist,pumping fist_rND65Hx7a0A.mp4
529,529.mp4,dancing macarena,dancing macarena_MrLlV02_ZKQ.mp4
530,530.mp4,capoeira,capoeira_SRhhThokfuY.mp4
531,531.mp4,snatch weight lifting,snatch weight lifting_z2kBJ7_Mb6U.mp4
532,532.mp4,pumping fist,pumping fist_77ppHuyuB4A.mp4
533,533.mp4,bandaging,bandaging_HZadX9Gjmv4.mp4
534,534.mp4,playing xylophone,playing xylophone_R_8xwBq7AoI.mp4
535,535.mp4,vault,vault_s34bMhsF8bI.mp4
536,536.mp4,hurdling,hurdling_EYqHdHtMGDk.mp4
537,537.mp4,canoeing or kayaking,canoeing or kayaking_VoAIk-FOzjQ.mp4
538,538.mp4,trimming or shaving beard,trimming or shaving beard_NQOX5N_JRZA.mp4
539,539.mp4,pumping fist,pumping fist_V4W4t7DtoTE.mp4
540,540.mp4,moving furniture,moving furniture_kYyfeDK_V7U.mp4
541,541.mp4,bench pressing,bench pressing_P2hB8qC6a84.mp4
542,542.mp4,making snowman,making snowman_ZOQGpX-9Baw.mp4
543,543.mp4,playing keyboard,playing keyboard_8u9cUH3ERto.mp4
544,544.mp4,driving car,driving car_nfjUz5zTorM.mp4
545,545.mp4,riding elephant,riding elephant_YIGyuTkOlYc.mp4
546,546.mp4,bench pressing,bench pressing_DiiAjEcHLg4.mp4
547,547.mp4,pumping fist,pumping fist_dvHmM1blT-M.mp4
548,548.mp4,bench pressing,bench pressing_LA_IBccMtCM.mp4
549,549.mp4,making snowman,making snowman_84ntPxqCuqY.mp4
550,550.mp4,pole vault,pole vault_T8fvVlpyRpc.mp4
551,551.mp4,playing trombone,playing trombone_2dHD_8uy668.mp4
552,552.mp4,squat,squat_syKlXFIoz1M.mp4
553,553.mp4,changing wheel,changing wheel_CEHsBRj7EUU.mp4
554,554.mp4,tango dancing,tango dancing_lSeL0azCdFg.mp4
555,555.mp4,canoeing or kayaking,canoeing or kayaking_VZl_f-qdQes.mp4
556,556.mp4,plastering,plastering_JrdAL_wi0wQ.mp4
557,557.mp4,changing oil,changing oil_ns7kFIDpYFA.mp4
558,558.mp4,spray painting,spray painting_f_F-g-viudE.mp4
559,559.mp4,making snowman,making snowman_NAnGYU6RWf8.mp4
560,560.mp4,capoeira,capoeira_-xccz8S0qTE.mp4
561,561.mp4,playing didgeridoo,playing didgeridoo_uL3qsvm_GEI.mp4
562,562.mp4,balloon blowing,balloon blowing_Rty_0u3-kic.mp4
563,563.mp4,dancing charleston,dancing charleston_DnaaAJSeYko.mp4
564,564.mp4,spray painting,spray painting_xZXUa6EffCk.mp4
565,565.mp4,riding unicycle,riding unicycle_pu1i3Z_XY8A.mp4
566,566.mp4,dancing macarena,dancing macarena_jAdBY7lvqM8.mp4
567,567.mp4,lunge,lunge_mXAKz28Rbxc.mp4
568,568.mp4,dancing ballet,dancing ballet_AH4GMGCCJ4U.mp4
569,569.mp4,spray painting,spray painting_igS51xext6g.mp4
570,570.mp4,riding mountain bike,riding mountain bike_fLN3ZDdmMrc.mp4
571,571.mp4,trimming or shaving beard,trimming or shaving beard_F-hqdiauDF0.mp4
572,572.mp4,sign language interpreting,sign language interpreting_qMN8XAlc-F0.mp4
573,573.mp4,balloon blowing,balloon blowing_hPC-BgggGQE.mp4
574,574.mp4,dunking basketball,dunking basketball_0CpipYjWeEA.mp4
575,575.mp4,baby waking up,baby waking up_oZ5lWTKBSzg.mp4
576,576.mp4,dunking basketball,dunking basketball_mCTL4wmbdb4.mp4
577,577.mp4,playing chess,playing chess_pjhvZYZe3Ls.mp4
578,578.mp4,dancing macarena,dancing macarena_6CS_v7TYKEM.mp4
579,579.mp4,javelin throw,javelin throw_pdlWSWVKrjA.mp4
580,580.mp4,snatch weight lifting,snatch weight lifting_o_IihdEQPUI.mp4
581,581.mp4,canoeing or kayaking,canoeing or kayaking_nuyxL900cK0.mp4
582,582.mp4,abseiling,abseiling_u_8AD-p_A8A.mp4
583,583.mp4,hurdling,hurdling_A3BKEuGEfBM.mp4
584,584.mp4,dunking basketball,dunking basketball_FOlPRTXXIl4.mp4
585,585.mp4,riding elephant,riding elephant_mh9a2tgUwG8.mp4
586,586.mp4,playing didgeridoo,playing didgeridoo_eN31j96pToM.mp4
587,587.mp4,snorkeling,snorkeling_UD4UKA9Hg0E.mp4
588,588.mp4,driving car,driving car_3KzNcY8vJQs.mp4
589,589.mp4,changing oil,changing oil_lSx3MKVMcgc.mp4
590,590.mp4,capoeira,capoeira_HF2HmuDUaAY.mp4
591,591.mp4,skateboarding,skateboarding_8X2_zsnPkq8.mp4
592,592.mp4,playing chess,playing chess_bswEJBQQG7U.mp4
593,593.mp4,applying cream,applying cream_Oy_xKJ3jU44.mp4
594,594.mp4,skateboarding,skateboarding_O2gFy7kZQfI.mp4
595,595.mp4,sharpening knives,sharpening knives_Wi9aurmvaAg.mp4
596,596.mp4,riding elephant,riding elephant_mgr2L5vO-yg.mp4
597,597.mp4,feeding goats,feeding goats_fQskY957zdw.mp4
598,598.mp4,balloon blowing,balloon blowing_xkH9H582gI0.mp4
599,599.mp4,applying cream,applying cream_PUAVxxgaPQU.mp4
600,600.mp4,spray painting,spray painting_UxSgTdSaKsM.mp4
601,601.mp4,capoeira,capoeira_ExsKDCVBOts.mp4
602,602.mp4,lunge,lunge_eexM1A7sxJU.mp4
603,603.mp4,dunking basketball,dunking basketball_RFfpOtL5Gy0.mp4
604,604.mp4,laughing,laughing_fZ1MXUC14aU.mp4
605,605.mp4,dancing ballet,dancing ballet_tcPepildV5A.mp4
606,606.mp4,blasting sand,blasting sand_dWHllLOATdU.mp4
607,607.mp4,playing badminton,playing badminton_l8BYGu4kr5c.mp4
608,608.mp4,squat,squat_ercLsrQEs7c.mp4
609,609.mp4,trimming or shaving beard,trimming or shaving beard_jnCohPGPb40.mp4
610,610.mp4,doing nails,doing nails_pq6yTY6nzw8.mp4
611,611.mp4,dancing macarena,dancing macarena_rfcYohkeQj8.mp4
612,612.mp4,riding elephant,riding elephant_sQDy0_WA7Ck.mp4
613,613.mp4,doing nails,doing nails_qbh3RW1P5MA.mp4
614,614.mp4,playing xylophone,playing xylophone_jMUDJDQQGqI.mp4
615,615.mp4,blasting sand,blasting sand_EE6HJ9_TqJA.mp4
616,616.mp4,javelin throw,javelin throw_XKG1j1EBuSU.mp4
617,617.mp4,feeding goats,feeding goats_mhHkvg2Tvcw.mp4
618,618.mp4,doing nails,doing nails_ftnflucLOOU.mp4
619,619.mp4,jogging,jogging_u_9OTjkL7D8.mp4
620,620.mp4,juggling soccer ball,juggling soccer ball_bIHVR_EA1KA.mp4
621,621.mp4,plastering,plastering_GM6I5paTmgE.mp4
622,622.mp4,snatch weight lifting,snatch weight lifting_t8c_GXG-WQk.mp4
623,623.mp4,playing trombone,playing trombone_LZapYnwZMO8.mp4
624,624.mp4,shuffling cards,shuffling cards_wxowQqqPk9c.mp4
625,625.mp4,frying vegetables,frying vegetables_HvMACdKztlU.mp4
626,626.mp4,driving car,driving car_zIgJAjuRgoY.mp4
627,627.mp4,dunking basketball,dunking basketball_4r2VpL1OsWw.mp4
628,628.mp4,driving car,driving car_ZA3CMARs9Iw.mp4
629,629.mp4,driving car,driving car_0z5IBF2JqJ4.mp4
630,630.mp4,riding elephant,riding elephant_hmpy48w42tY.mp4
631,631.mp4,dunking basketball,dunking basketball_ugo9qbjLGLI.mp4
632,632.mp4,tango dancing,tango dancing_IHyb7uTJQKk.mp4
633,633.mp4,tango dancing,tango dancing_g0z3iBBi52A.mp4
634,634.mp4,skateboarding,skateboarding_n_WVBjqDc1Q.mp4
635,635.mp4,snatch weight lifting,snatch weight lifting_G0oc0vrmCeY.mp4
636,636.mp4,riding elephant,riding elephant_7cG0RAE2Eqk.mp4
637,637.mp4,bench pressing,bench pressing_WFiyLspJlTo.mp4
638,638.mp4,spray painting,spray painting_MZvw_s53uUM.mp4
639,639.mp4,baby waking up,baby waking up_wOu2zhEb9-I.mp4
640,640.mp4,snorkeling,snorkeling_e4EaT87Gjd4.mp4
641,641.mp4,skateboarding,skateboarding_C9f-snDDvzU.mp4
642,642.mp4,dancing charleston,dancing charleston_b8Z7iFeRwZA.mp4
643,643.mp4,dancing macarena,dancing macarena_DuSaXICcmf4.mp4
644,644.mp4,driving car,driving car_RLYm5008dxA.mp4
645,645.mp4,playing badminton,playing badminton_r7ehwVXKbqY.mp4
646,646.mp4,jogging,jogging_ZJc_Uu5SHfg.mp4
647,647.mp4,laughing,laughing_KTwhrDmDX3U.mp4
648,648.mp4,swinging legs,swinging legs_lJjp9gGE-O0.mp4
649,649.mp4,swinging legs,swinging legs_s0v42-dlYtQ.mp4
650,650.mp4,playing xylophone,playing xylophone_Ya0ktENGbcM.mp4
651,651.mp4,canoeing or kayaking,canoeing or kayaking_hyfl_SU-Dmk.mp4
652,652.mp4,canoeing or kayaking,canoeing or kayaking_pWPE3g-pUtA.mp4
653,653.mp4,pumping fist,pumping fist_lFRPbyqoK7Y.mp4
654,654.mp4,riding unicycle,riding unicycle_Yl4jp9CJRfU.mp4
655,655.mp4,playing xylophone,playing xylophone_a4Mu5ZqTb8A.mp4
656,656.mp4,spray painting,spray painting_tSzIRI1Cgbc.mp4
657,657.mp4,playing didgeridoo,playing didgeridoo_sddYAUiNPtg.mp4
658,658.mp4,feeding goats,feeding goats_Mg3ZAJq_FQA.mp4
659,659.mp4,spray painting,spray painting_zpVX0TV5-I8.mp4
660,660.mp4,blasting sand,blasting sand_ziSbF92tCao.mp4
661,661.mp4,skateboarding,skateboarding_SAMgy9Ki-HU.mp4
662,662.mp4,playing trombone,playing trombone_Ozzc0hxImT0.mp4
663,663.mp4,squat,squat_wrYJMUzIt6Y.mp4
664,664.mp4,bench pressing,bench pressing_13Y0Ja2EfJI.mp4
665,665.mp4,playing chess,playing chess_zmORdRqw-aY.mp4
666,666.mp4,driving car,driving car_yNSe9jMq994.mp4
667,667.mp4,feeding goats,feeding goats_FghhVK0Nrf0.mp4
668,668.mp4,abseiling,abseiling_Pd8qpaC18BI.mp4
669,669.mp4,playing keyboard,playing keyboard_CfOws0v03BA.mp4
670,670.mp4,sign language interpreting,sign language interpreting_HWpJ4NrPuCY.mp4
671,671.mp4,playing chess,playing chess_wCAUC7U8kJ8.mp4
672,672.mp4,capoeira,capoeira_WVbjA2tPnq4.mp4
673,673.mp4,dancing charleston,dancing charleston_-qKcq4t4oJA.mp4
674,674.mp4,feeding goats,feeding goats_eKfjMyz-tpQ.mp4
675,675.mp4,doing nails,doing nails_u23aBUjtaeE.mp4
676,676.mp4,dunking basketball,dunking basketball_vs6Efo9rwrI.mp4
677,677.mp4,playing xylophone,playing xylophone_QbwqnK7iw2E.mp4
678,678.mp4,squat,squat_QCBpxQjr1GI.mp4
679,679.mp4,lunge,lunge_xdni6eBUZlE.mp4
680,680.mp4,dancing ballet,dancing ballet_KZfhrGkWJaU.mp4
681,681.mp4,capoeira,capoeira_x1llTZmX1nc.mp4
682,682.mp4,dunking basketball,dunking basketball_moYqglwVenQ.mp4
683,683.mp4,snorkeling,snorkeling_1f1yZIBVc0w.mp4
684,684.mp4,laying bricks,laying bricks_KZxYcspdyvw.mp4
685,685.mp4,playing keyboard,playing keyboard_UaAHHwCgSC8.mp4
686,686.mp4,abseiling,abseiling_rpxNo22vxfM.mp4
687,687.mp4,snorkeling,snorkeling_VqiW7h9DtMo.mp4
688,688.mp4,hurdling,hurdling_0UEeSEdrzgQ.mp4
689,689.mp4,canoeing or kayaking,canoeing or kayaking_j6bW6vBQ4OY.mp4
690,690.mp4,bandaging,bandaging_3nd2OjG6D0Q.mp4
691,691.mp4,squat,squat_wr_0qIjSHNU.mp4
692,692.mp4,riding unicycle,riding unicycle_-koK3VgCRbE.mp4
693,693.mp4,laying bricks,laying bricks_b9SAb7kNnhY.mp4
694,694.mp4,snorkeling,snorkeling_1U0x3QuX8m4.mp4
695,695.mp4,blasting sand,blasting sand_8jX3GX998OM.mp4
696,696.mp4,juggling soccer ball,juggling soccer ball_qyE_oUUEP3M.mp4
697,697.mp4,bench pressing,bench pressing_sclV1zG72qA.mp4
698,698.mp4,dancing charleston,dancing charleston_gVCcvNi9IIA.mp4
699,699.mp4,playing badminton,playing badminton_YQd99xdGfwo.mp4
700,700.mp4,dancing ballet,dancing ballet_MWgtDDIR4uk.mp4
701,701.mp4,shuffling cards,shuffling cards_2baUstrtrNY.mp4
702,702.mp4,squat,squat_iE1OuuZHv74.mp4
703,703.mp4,playing trombone,playing trombone_PmRqw4_zzsg.mp4
704,704.mp4,trimming or shaving beard,trimming or shaving beard_xiJjrWnjExY.mp4
705,705.mp4,pole vault,pole vault__0Dhj9_7EgM.mp4
706,706.mp4,playing chess,playing chess_jgTbBc31Bf4.mp4
707,707.mp4,dancing ballet,dancing ballet_fMSC9RMd8Ng.mp4
708,708.mp4,ripping paper,ripping paper_cRoKp1r2Jl4.mp4
709,709.mp4,spray painting,spray painting_3q1GBFuMZ6Y.mp4
710,710.mp4,balloon blowing,balloon blowing_v4aBke1vHeA.mp4
711,711.mp4,tango dancing,tango dancing_BHsd66XbVqc.mp4
712,712.mp4,snorkeling,snorkeling_7r4HJs8sfkI.mp4
713,713.mp4,feeding goats,feeding goats_PASXlwbxsOE.mp4
714,714.mp4,pumping fist,pumping fist_7kbRE00NLwU.mp4
715,715.mp4,unloading truck,unloading truck_Yx-E2ztGJgE.mp4
716,716.mp4,pumping fist,pumping fist_Dglw-yFGris.mp4
717,717.mp4,laying bricks,laying bricks_oZyf6mlCjS0.mp4
718,718.mp4,riding unicycle,riding unicycle_8HMbBqewtW4.mp4
719,719.mp4,applying cream,applying cream_txsIDkKsen4.mp4
720,720.mp4,trimming or shaving beard,trimming or shaving beard_zYSwmjm0pbk.mp4
721,721.mp4,snorkeling,snorkeling_Twtj8Cx5QuM.mp4
722,722.mp4,riding unicycle,riding unicycle_hz3bHW4IoDM.mp4
723,723.mp4,sharpening knives,sharpening knives_rGeyMF1_6Ug.mp4
724,724.mp4,playing didgeridoo,playing didgeridoo_oN0EpQSZbnU.mp4
725,725.mp4,changing oil,changing oil_nVvQl7gMCtk.mp4
726,726.mp4,capoeira,capoeira_QH9tHYBOqHM.mp4
727,727.mp4,capoeira,capoeira_XkNwD3163h0.mp4
728,728.mp4,spray painting,spray painting_IkTyrLQtpjI.mp4
729,729.mp4,riding elephant,riding elephant_V8f7GIKZVAs.mp4
730,730.mp4,jogging,jogging_UHGo1gCZpJI.mp4
731,731.mp4,dunking basketball,dunking basketball_RcSEcbBq2Eg.mp4
732,732.mp4,waiting in line,waiting in line_D_WXcJqsSnk.mp4
733,733.mp4,snorkeling,snorkeling_2qqo8j0t8kE.mp4
734,734.mp4,javelin throw,javelin throw_-K7Jnr3_Ef8.mp4
735,735.mp4,doing nails,doing nails_h71E-RjHLoc.mp4
736,736.mp4,playing keyboard,playing keyboard_j4g3ZTth1oI.mp4
737,737.mp4,making snowman,making snowman_7GYM1BrpbhM.mp4
738,738.mp4,tying bow tie,tying bow tie_G9UHlAHlNhM.mp4
739,739.mp4,riding elephant,riding elephant_veRI0YZz6_U.mp4
740,740.mp4,playing xylophone,playing xylophone_Q8fuNR7nBpY.mp4
741,741.mp4,vault,vault_7iaSzJxUKAc.mp4
742,742.mp4,playing badminton,playing badminton_krU4VlpPI7U.mp4
743,743.mp4,applying cream,applying cream_NtdRNsfmdYY.mp4
744,744.mp4,abseiling,abseiling_1atkTs6LO6s.mp4
745,745.mp4,snatch weight lifting,snatch weight lifting_W7AEkMptz28.mp4
746,746.mp4,bandaging,bandaging_HsJ_BSfkWuY.mp4
747,747.mp4,dancing macarena,dancing macarena_3UJNvTzO7Ww.mp4
748,748.mp4,tango dancing,tango dancing_fyxWcwo9c1E.mp4
749,749.mp4,playing chess,playing chess_m8CZAiKJOPg.mp4
750,750.mp4,dancing ballet,dancing ballet_EaobS0zIleE.mp4
751,751.mp4,applauding,applauding_xnaNqiw4wQo.mp4
752,752.mp4,applying cream,applying cream_WKTvvkTnCME.mp4
753,753.mp4,ripping paper,ripping paper_KuyeYZd2vHk.mp4
754,754.mp4,pumping fist,pumping fist_fbWgZRlis9g.mp4
755,755.mp4,capoeira,capoeira_YDgoDQbfvhc.mp4
756,756.mp4,making snowman,making snowman_xqmGRS7p9CE.mp4
757,757.mp4,swinging legs,swinging legs_QdCedFhLSuw.mp4
758,758.mp4,doing nails,doing nails_IHRlOHIgprU.mp4
759,759.mp4,laying bricks,laying bricks_2aUquW_xyYM.mp4
760,760.mp4,playing chess,playing chess_4pkcNBnMvBg.mp4
761,761.mp4,tango dancing,tango dancing_fyhWlLmp_xA.mp4
762,762.mp4,dunking basketball,dunking basketball_3u4CbKIXxnU.mp4
763,763.mp4,playing trombone,playing trombone_BHl2GzzDOzc.mp4
764,764.mp4,unloading truck,unloading truck_H0HufAuC6Fo.mp4
765,765.mp4,pumping fist,pumping fist__IEXmtwnL1Y.mp4
766,766.mp4,changing oil,changing oil_nZk1V13mvzk.mp4
767,767.mp4,trimming or shaving beard,trimming or shaving beard_Yz7Ki--Xc2U.mp4
768,768.mp4,javelin throw,javelin throw_imZxxximci0.mp4
769,769.mp4,fixing hair,fixing hair_AUoBRZ4xRa8.mp4
770,770.mp4,frying vegetables,frying vegetables_kOjoXnSoOi8.mp4
771,771.mp4,pole vault,pole vault_L64Zt5_ck-4.mp4
772,772.mp4,making snowman,making snowman_XD5Yjg5gX3k.mp4
773,773.mp4,riding elephant,riding elephant_2Hl5xv_Pna8.mp4
774,774.mp4,making snowman,making snowman_yc6gUNx66vE.mp4
775,775.mp4,jogging,jogging_ROkx8GAuGD8.mp4
776,776.mp4,laying bricks,laying bricks_YXuHKeKZl-Q.mp4
777,777.mp4,hurdling,hurdling_uaETbJAKxnk.mp4
778,778.mp4,riding unicycle,riding unicycle_ag49Eu3EURw.mp4
779,779.mp4,squat,squat_40G3Lww9n00.mp4
780,780.mp4,driving car,driving car_XMS5-YuzmOY.mp4
781,781.mp4,shuffling cards,shuffling cards_q1nHZzw4NRo.mp4
782,782.mp4,laughing,laughing_0GsiopyhDgI.mp4
783,783.mp4,riding mountain bike,riding mountain bike_b0mbsN3_jZE.mp4
784,784.mp4,hurdling,hurdling_DyKQbdKj6Ss.mp4
785,785.mp4,playing trombone,playing trombone_BBda_xaBa70.mp4
786,786.mp4,pumping fist,pumping fist_fcxC-mJ1muw.mp4
787,787.mp4,playing chess,playing chess_Pm7IpL_yCOk.mp4
788,788.mp4,abseiling,abseiling_-WKCwDRp_jk.mp4
789,789.mp4,snorkeling,snorkeling_fCPST9GUQF8.mp4
790,790.mp4,javelin throw,javelin throw_EWQoPlzplIA.mp4
791,791.mp4,sharpening knives,sharpening knives_UQcv77SDJG4.mp4
792,792.mp4,snorkeling,snorkeling_v7iLDy-I9p4.mp4
793,793.mp4,squat,squat_soh5Xqxs0Nk.mp4
794,794.mp4,laughing,laughing_Z3xd8bXlzeU.mp4
795,795.mp4,trimming or shaving beard,trimming or shaving beard_oNIL57JmOeE.mp4
796,796.mp4,sharpening knives,sharpening knives_1kL5FbYQ4CA.mp4
797,797.mp4,canoeing or kayaking,canoeing or kayaking_zNDX_xw45xI.mp4
798,798.mp4,riding elephant,riding elephant_tpiIkEbj6Vw.mp4
799,799.mp4,trimming or shaving beard,trimming or shaving beard_HLbHSuRmN4E.mp4
800,800.mp4,skateboarding,skateboarding_SA2IhJjG3eU.mp4
801,801.mp4,canoeing or kayaking,canoeing or kayaking_HHV1xawRPJg.mp4
802,802.mp4,pushing wheelchair,pushing wheelchair_Nq0E0jeSzkc.mp4
803,803.mp4,playing badminton,playing badminton_7CesZqbyaZU.mp4
804,804.mp4,bench pressing,bench pressing_8gYeiygqT4o.mp4
805,805.mp4,laughing,laughing_Gy5cpFKGvO0.mp4
806,806.mp4,playing keyboard,playing keyboard_l6PH3Vm-63Y.mp4
807,807.mp4,skateboarding,skateboarding_mgBSnIlvYHc.mp4
808,808.mp4,bandaging,bandaging_CTJpbVmSyBA.mp4
809,809.mp4,playing keyboard,playing keyboard_qPQpKO8tACY.mp4
810,810.mp4,trimming or shaving beard,trimming or shaving beard_QTKDeik0ht0.mp4
811,811.mp4,dancing macarena,dancing macarena_A0c_xRT0vSU.mp4
812,812.mp4,abseiling,abseiling_bYVa4Rdeowc.mp4
813,813.mp4,pushing wheelchair,pushing wheelchair__Eh9D3X6a9Q.mp4
814,814.mp4,playing trombone,playing trombone_bOg53tJRx5U.mp4
815,815.mp4,abseiling,abseiling_FHOszybReO8.mp4
816,816.mp4,snorkeling,snorkeling_up5nrTK597M.mp4
817,817.mp4,trimming or shaving beard,trimming or shaving beard_QOGF1swwByE.mp4
818,818.mp4,making snowman,making snowman_ldry0BwNc_w.mp4
819,819.mp4,skateboarding,skateboarding_WWmxyLDFBPk.mp4
820,820.mp4,snatch weight lifting,snatch weight lifting_YwIfbDwssjI.mp4
821,821.mp4,dunking basketball,dunking basketball_nsQY2YL9-ww.mp4
822,822.mp4,bandaging,bandaging_llElIf_67ew.mp4
823,823.mp4,changing oil,changing oil_mAXJSRteYiw.mp4
824,824.mp4,pushing wheelchair,pushing wheelchair__uoWfFrKfRE.mp4
825,825.mp4,playing trombone,playing trombone_cXdqegfZZs8.mp4
826,826.mp4,driving car,driving car_jp3CtvLxIaM.mp4
827,827.mp4,bench pressing,bench pressing_QnJV5KuBb-A.mp4
828,828.mp4,applauding,applauding_brBw6cFwock.mp4
829,829.mp4,tango dancing,tango dancing_dPPEoiulA5g.mp4
830,830.mp4,skateboarding,skateboarding_rqoZy9OsRXE.mp4
831,831.mp4,capoeira,capoeira_ceXdwIxEMYk.mp4
832,832.mp4,lunge,lunge_eewyjmwgWj8.mp4
833,833.mp4,snorkeling,snorkeling_UzXUdYe-bOc.mp4
834,834.mp4,laughing,laughing_yBISaiEMzto.mp4
835,835.mp4,plastering,plastering_DUs4x013xDE.mp4
836,836.mp4,capoeira,capoeira_Z3XoFAQAtbs.mp4
837,837.mp4,trimming or shaving beard,trimming or shaving beard_bVMxBXeYMr0.mp4
838,838.mp4,tying bow tie,tying bow tie_hhIUBxu8DLM.mp4
839,839.mp4,shuffling cards,shuffling cards_mIGG9_9Hjvk.mp4
840,840.mp4,playing badminton,playing badminton_8aSVToagSO4.mp4
841,841.mp4,moving furniture,moving furniture_cjzQSX0tQXQ.mp4
842,842.mp4,spray painting,spray painting_-Ce6Imxcch8.mp4
843,843.mp4,blasting sand,blasting sand_X3DoHPwOoOw.mp4
844,844.mp4,swinging legs,swinging legs_i0n5CTTDaO4.mp4
845,845.mp4,fixing hair,fixing hair_EZ8xj3-KWYA.mp4
846,846.mp4,abseiling,abseiling_rozcbBKPiq0.mp4
847,847.mp4,pole vault,pole vault_Cvf5eBKKDWM.mp4
848,848.mp4,laughing,laughing_1vGlHgc2v2I.mp4
849,849.mp4,tango dancing,tango dancing_7INeEzYy4Oc.mp4
850,850.mp4,dancing ballet,dancing ballet_4fXSaBTKcn0.mp4
851,851.mp4,shuffling cards,shuffling cards_7UZ2nWkx0ms.mp4
852,852.mp4,riding elephant,riding elephant_z0Gi9FmMRKc.mp4
853,853.mp4,making snowman,making snowman_iZP4D0MVnOk.mp4
854,854.mp4,pumping fist,pumping fist_aydXZDGkYG8.mp4
855,855.mp4,tango dancing,tango dancing_neEqEqAh8VA.mp4
856,856.mp4,feeding goats,feeding goats_C-upvT78b14.mp4
857,857.mp4,laughing,laughing_XWvUYNHdNNA.mp4
858,858.mp4,feeding goats,feeding goats_sIID3aUZkpk.mp4
859,859.mp4,dancing ballet,dancing ballet_SHDr1IQuwqA.mp4
860,860.mp4,playing badminton,playing badminton_rgrNZgQHPIw.mp4
861,861.mp4,fixing hair,fixing hair_keR89NmDqUM.mp4
862,862.mp4,playing trombone,playing trombone_uxCRGqIQIX0.mp4
863,863.mp4,playing trombone,playing trombone_ytLYmhON5K0.mp4
864,864.mp4,dancing ballet,dancing ballet_InNxpWlKthY.mp4
865,865.mp4,canoeing or kayaking,canoeing or kayaking_wz4Din3cz4Y.mp4
866,866.mp4,abseiling,abseiling_Nnk8AcX4WOU.mp4
867,867.mp4,skateboarding,skateboarding_ZVAmNSt3CLk.mp4
868,868.mp4,tango dancing,tango dancing_jGQG0ni4p9I.mp4
869,869.mp4,riding elephant,riding elephant_7Nhl6BvyrGY.mp4
870,870.mp4,lunge,lunge_O13-DeCgkag.mp4
871,871.mp4,pumping fist,pumping fist_9513Y-fBDQ4.mp4
872,872.mp4,making snowman,making snowman_By5pK_GqeDQ.mp4
873,873.mp4,tango dancing,tango dancing_tf91WKDmQvQ.mp4
874,874.mp4,lunge,lunge_0LAlWDHdelM.mp4
875,875.mp4,pumping fist,pumping fist_kmmx-iSZn48.mp4
876,876.mp4,playing badminton,playing badminton_R0r8w-_A7ps.mp4
877,877.mp4,bench pressing,bench pressing_KsOw05oRYyg.mp4
878,878.mp4,riding elephant,riding elephant_u5jogeLg2O0.mp4
879,879.mp4,riding unicycle,riding unicycle_t56utoS7rys.mp4
880,880.mp4,dancing ballet,dancing ballet_D8zAOxle4KA.mp4
881,881.mp4,skateboarding,skateboarding_dw-oFK3eVs0.mp4
882,882.mp4,squat,squat_-KJQB9sHOao.mp4
883,883.mp4,vault,vault_EBhe-6Z6JFQ.mp4
884,884.mp4,changing wheel,changing wheel_N38JQw0ejsc.mp4
885,885.mp4,sign language interpreting,sign language interpreting_5FJeX8Um9pw.mp4
886,886.mp4,driving car,driving car_Sn-zzPNEYT4.mp4
887,887.mp4,applauding,applauding_I8j_EP0Hhbk.mp4
888,888.mp4,skateboarding,skateboarding_Q78dvSL6edA.mp4
889,889.mp4,playing badminton,playing badminton_37n_QOz8-nc.mp4
890,890.mp4,pole vault,pole vault_bZ5EO31QQPM.mp4
891,891.mp4,riding elephant,riding elephant_pc3a7q02VS0.mp4
892,892.mp4,trimming or shaving beard,trimming or shaving beard_kNPShHugiSQ.mp4
893,893.mp4,ripping paper,ripping paper_ANg26BZdVuk.mp4
894,894.mp4,abseiling,abseiling_h4fxmyfMgdU.mp4
895,895.mp4,dancing ballet,dancing ballet_kTDGW0aw4to.mp4
896,896.mp4,dunking basketball,dunking basketball_RdgatNOSSYc.mp4
897,897.mp4,lunge,lunge_DmqMmFe_q9E.mp4
898,898.mp4,spray painting,spray painting_u1HKQ2MPrWg.mp4
899,899.mp4,hurdling,hurdling_uYrh8ifFUpA.mp4
900,900.mp4,dancing ballet,dancing ballet_JA6kl4RlA0I.mp4
901,901.mp4,dancing ballet,dancing ballet_KLxpuj85mRA.mp4
902,902.mp4,playing didgeridoo,playing didgeridoo_CkxAhxjf0YQ.mp4
903,903.mp4,ripping paper,ripping paper_vCBgznQc7bg.mp4
904,904.mp4,changing wheel,changing wheel_Td4BVn9ebSE.mp4
905,905.mp4,spray painting,spray painting_req7_4TyakY.mp4
906,906.mp4,blasting sand,blasting sand_KhW_6Iq8_Ao.mp4
907,907.mp4,blasting sand,blasting sand_3bP1w8DLOGs.mp4
908,908.mp4,skateboarding,skateboarding_3SHv9XeCFXo.mp4
909,909.mp4,squat,squat_krtz1b0v490.mp4
910,910.mp4,riding elephant,riding elephant_lNeGBx-yV5I.mp4
911,911.mp4,jogging,jogging_AThVa9iAVz4.mp4
912,912.mp4,playing trombone,playing trombone_uiEid6SosC8.mp4
913,913.mp4,jogging,jogging_HPy0jiCUmS4.mp4
914,914.mp4,snorkeling,snorkeling_EJEwIshdbMc.mp4
915,915.mp4,driving car,driving car_gS_mF1sitvM.mp4
916,916.mp4,pushing wheelchair,pushing wheelchair_zsGazDD17iQ.mp4
917,917.mp4,bench pressing,bench pressing_UbKDeT5N5h4.mp4
918,918.mp4,javelin throw,javelin throw_pP5wJAVVD80.mp4
919,919.mp4,juggling soccer ball,juggling soccer ball_JoHKbd5YG80.mp4
920,920.mp4,driving car,driving car_2KtQL1SI1G4.mp4
921,921.mp4,snorkeling,snorkeling_utLGT0HKpag.mp4
922,922.mp4,cooking on campfire,cooking on campfire_g0jLOTV5dkA.mp4
923,923.mp4,bench pressing,bench pressing_fCXpnU2_rno.mp4
924,924.mp4,dancing ballet,dancing ballet_O2aimC15eos.mp4
925,925.mp4,playing didgeridoo,playing didgeridoo_A2Yuyh3PZWY.mp4
926,926.mp4,frying vegetables,frying vegetables_KDfvkcaX_tI.mp4
927,927.mp4,lunge,lunge_mnUp69vJ4fg.mp4
928,928.mp4,driving car,driving car_akz3X3C9XmY.mp4
929,929.mp4,playing trombone,playing trombone_BYKGW8InFzo.mp4
930,930.mp4,fixing hair,fixing hair_Vw2O5tnqrFY.mp4
931,931.mp4,making snowman,making snowman_HnkP5S8LAZs.mp4
932,932.mp4,riding unicycle,riding unicycle_kMkmAKQi5OI.mp4
933,933.mp4,dancing macarena,dancing macarena_aE1rbB_kSUA.mp4
934,934.mp4,playing keyboard,playing keyboard_p3ilYnw8z_0.mp4
935,935.mp4,ripping paper,ripping paper_4NRuDysM9t0.mp4
936,936.mp4,riding unicycle,riding unicycle_lAJYbvQfAcw.mp4
937,937.mp4,dunking basketball,dunking basketball_uct41DYNSP0.mp4
938,938.mp4,blasting sand,blasting sand_EIMZNPoKQUk.mp4
939,939.mp4,squat,squat_blJraLmAfD0.mp4
940,940.mp4,playing didgeridoo,playing didgeridoo_2mjD0RqgXKU.mp4
941,941.mp4,laughing,laughing_-mmu5VJRY1Y.mp4
942,942.mp4,dunking basketball,dunking basketball_sEz8veqnYIk.mp4
943,943.mp4,playing keyboard,playing keyboard_jyPUQPHQKl0.mp4
944,944.mp4,playing didgeridoo,playing didgeridoo_4x5qRHHKhxA.mp4
945,945.mp4,snatch weight lifting,snatch weight lifting_fi9GDDxHblg.mp4
946,946.mp4,driving car,driving car_RL2oAowHyGs.mp4
947,947.mp4,bench pressing,bench pressing_CY0GKejQRVI.mp4
948,948.mp4,skateboarding,skateboarding_cqNDUllQzjw.mp4
949,949.mp4,trimming or shaving beard,trimming or shaving beard_h4dsqOQNrQ4.mp4
950,950.mp4,playing chess,playing chess_wrR00MzGZYw.mp4
951,951.mp4,riding elephant,riding elephant_K_kbsIpSq5w.mp4
952,952.mp4,pole vault,pole vault_Z-vQNpG4JKs.mp4
953,953.mp4,tango dancing,tango dancing_NIWrxHAoluc.mp4
954,954.mp4,ripping paper,ripping paper_8_9x2HxYjnE.mp4
955,955.mp4,riding mountain bike,riding mountain bike_G8PxNyB6dMQ.mp4
956,956.mp4,playing didgeridoo,playing didgeridoo_1oxoJfP2zCM.mp4
957,957.mp4,pushing wheelchair,pushing wheelchair_Nwl71Raiylo.mp4
958,958.mp4,frying vegetables,frying vegetables_hoNQss0-2Po.mp4
959,959.mp4,hurdling,hurdling_u_dpetXtM8A.mp4
960,960.mp4,playing badminton,playing badminton_ml9x9hN7lgA.mp4
961,961.mp4,dancing ballet,dancing ballet_yKFE8ldVlqI.mp4
962,962.mp4,shuffling cards,shuffling cards_u_1B18KrZUA.mp4
963,963.mp4,doing nails,doing nails_e24qcnBlAao.mp4
964,964.mp4,playing badminton,playing badminton_wCg0r5UVqTQ.mp4
965,965.mp4,fixing hair,fixing hair_LtVn8AylH_o.mp4
966,966.mp4,shuffling cards,shuffling cards_3l7Mk8EjaQg.mp4
967,967.mp4,riding elephant,riding elephant_YwjDAMi_OLE.mp4
968,968.mp4,dancing macarena,dancing macarena_gbecENhzmS8.mp4
969,969.mp4,capoeira,capoeira_WVbnJ4p79GU.mp4
970,970.mp4,juggling soccer ball,juggling soccer ball_lrh5DsDjwyg.mp4
971,971.mp4,riding elephant,riding elephant_HzTq1MPnSjg.mp4
972,972.mp4,pole vault,pole vault_9khfPOQrBE0.mp4
973,973.mp4,capoeira,capoeira_idz_v1fRE9Y.mp4
974,974.mp4,playing chess,playing chess_w8kLQ2m9UEQ.mp4
975,975.mp4,riding elephant,riding elephant_TJXPTRMOAII.mp4
976,976.mp4,playing trombone,playing trombone_czh7vFs0Hj0.mp4
977,977.mp4,feeding goats,feeding goats_yjReYHik9I0.mp4
978,978.mp4,frying vegetables,frying vegetables_RyCJKLnT8JE.mp4
979,979.mp4,balloon blowing,balloon blowing_G0Q_-t7MSmA.mp4
980,980.mp4,sign language interpreting,sign language interpreting_whn8Wh9dMKc.mp4
981,981.mp4,playing xylophone,playing xylophone_BzyYX4-uS2E.mp4
982,982.mp4,skateboarding,skateboarding_KD-TMsXclNE.mp4
983,983.mp4,snorkeling,snorkeling_ThlvCpafOFU.mp4
984,984.mp4,frying vegetables,frying vegetables_1HYTGM88W3o.mp4
985,985.mp4,pushing wheelchair,pushing wheelchair_rruTZ5-u794.mp4
986,986.mp4,riding unicycle,riding unicycle_MBTtUIeEyOI.mp4
987,987.mp4,dancing ballet,dancing ballet_a1-U75Ee_wU.mp4
988,988.mp4,snatch weight lifting,snatch weight lifting_pKVOdexhR2k.mp4
989,989.mp4,driving car,driving car_4kucheWTE8c.mp4
990,990.mp4,snatch weight lifting,snatch weight lifting_92UKCs47KBY.mp4
991,991.mp4,pole vault,pole vault_ukHX4y3l_1s.mp4
992,992.mp4,snorkeling,snorkeling_cMUeyueGFqU.mp4
993,993.mp4,fixing hair,fixing hair_WHOYJ1NWS5g.mp4
994,994.mp4,bench pressing,bench pressing_Uy7TMzIceYs.mp4
995,995.mp4,playing didgeridoo,playing didgeridoo_l0QYKLu0Ns0.mp4
996,996.mp4,playing badminton,playing badminton_Hs20-6tulPU.mp4
997,997.mp4,making snowman,making snowman_Q5qPQW2fNXI.mp4
998,998.mp4,abseiling,abseiling_51taNPfG89o.mp4
999,999.mp4,changing oil,changing oil_MaxL809orZo.mp4
1000,1000.mp4,canoeing or kayaking,canoeing or kayaking_pmSOOs-ZiCk.mp4
