video_id,filename,predicted_class,twelvelabs_video_id
1,001.mp4,drumming fingers,69109105802978e5ff53af0b
2,002.mp4,playing chess,6910911b30bf014e82947647
3,003.mp4,unloading chairs,6910913230bf014e8294764a
4,004.mp4,long jump,6910914b30bf014e82947650
5,005.mp4,tying knot (not on a tie),691091687dd04ca81c92e401
6,006.mp4,situp,69109181802978e5ff53af23
7,007.mp4,tickling,6910919b7dd04ca81c92e409
8,008.mp4,situp,691091bfd41255a860ab01e2
9,009.mp4,situp,691091da30bf014e8294765f
10,010.mp4,using remote controller (not gaming),691091f325e5c1f88eb1421d
11,011.mp4,drumming fingers,6910920e7dd04ca81c92e416
12,012.mp4,situp,6910922725e5c1f88eb14222
13,013.mp4,riding or walking with horse,691092417dd04ca81c92e424
14,014.mp4,water sliding,6910925825e5c1f88eb1422c
15,015.mp4,trapezing,6910926c802978e5ff53af42
16,016.mp4,tying knot (not on a tie),6910928625e5c1f88eb14252
17,017.mp4,parasailing,691092a025e5c1f88eb14264
18,018.mp4,tickling,691092ba61307028bce7c7ba
19,019.mp4,shining shoes,691092db61307028bce7c7e1
20,020.mp4,situp,691092f661307028bce7c804
21,021.mp4,skateboarding,69109311802978e5ff53afe0
22,022.mp4,situp,6910932fd41255a860ab02c2
23,023.mp4,dancing,6910934a30bf014e82947758
24,024.mp4,using remote controller (not gaming),69109393d41255a860ab0322
25,025.mp4,shining shoes,691093b27dd04ca81c92e584
26,026.mp4,skateboarding,691093cc802978e5ff53b088
27,027.mp4,tickling,691093e77dd04ca81c92e5b0
28,028.mp4,riding unicycle,691094047dd04ca81c92e5d0
29,029.mp4,tickling,6910941e7dd04ca81c92e5eb
30,030.mp4,long jump,6910943730bf014e82947834
31,031.mp4,tickling,691094527dd04ca81c92e61b
32,032.mp4,tickling,6910946d61307028bce7c961
33,033.mp4,playing basketball,691094847dd04ca81c92e652
34,034.mp4,ERROR,N/A
35,035.mp4,shaving legs,6910949925e5c1f88eb14448
36,036.mp4,playing chess,691094b461307028bce7c99f
37,037.mp4,kayaking,691094ca25e5c1f88eb14479
38,038.mp4,tickling,691094e57dd04ca81c92e6ab
39,039.mp4,long jump,6910950025e5c1f88eb144b2
40,040.mp4,playing keyboard,6910951a25e5c1f88eb144d6
41,041.mp4,tango dancing,691095317dd04ca81c92e6fc
42,042.mp4,tickling,6910954c61307028bce7ca3b
43,043.mp4,using computer,691095677dd04ca81c92e72a
44,044.mp4,sign language interpreting,691095867dd04ca81c92e74b
45,045.mp4,feeding animals,691095a325e5c1f88eb14555
46,046.mp4,tango dancing,691095bf802978e5ff53b26b
47,047.mp4,playing keyboard,691095d6802978e5ff53b279
48,048.mp4,trapezing,691095ec30bf014e829479e4
49,049.mp4,trapezing,6910960b61307028bce7cae3
50,050.mp4,shaving legs,69109628d41255a860ab0587
51,051.mp4,trapezing,69109643d41255a860ab05a0
52,052.mp4,sign language interpreting,6910966061307028bce7cb35
53,053.mp4,trapezing,6910967b25e5c1f88eb1460b
54,054.mp4,picking fruit,6910969b7dd04ca81c92e828
55,055.mp4,water sliding,691096ba61307028bce7cb7d
56,056.mp4,flamingo dancing,691096d87dd04ca81c92e859
57,057.mp4,playing chess,691096f47dd04ca81c92e870
58,058.mp4,playing trombone,6910970dd41255a860ab0642
59,059.mp4,shaving legs,6910972861307028bce7cbdd
60,060.mp4,tickling,6910973d61307028bce7cbec
61,061.mp4,water sliding,6910975d30bf014e82947b0d
62,062.mp4,ERROR,N/A
63,063.mp4,trapezing,69109778802978e5ff53b3d4
64,064.mp4,shining shoes,6910979361307028bce7cc33
65,065.mp4,weightlifting exercises,691097aed41255a860ab06cc
66,066.mp4,playing cello,691097c461307028bce7cc5c
67,067.mp4,parasailing,691097de25e5c1f88eb14734
68,068.mp4,playing trombone,691097f8d41255a860ab0706
69,069.mp4,ERROR,N/A
70,070.mp4,snatch drills,69109813d41255a860ab0715
71,071.mp4,playing cello,69109834802978e5ff53b46c
72,072.mp4,using remote controller (not gaming),691098537dd04ca81c92e99c
73,073.mp4,sign language interpreting,6910986e30bf014e82947bfc
74,074.mp4,tickling,6910988cd41255a860ab0789
75,075.mp4,high jump,691098a6802978e5ff53b4e2
76,076.mp4,long jump,691098bbd41255a860ab07ae
77,077.mp4,using remote controller (not gaming),691098d625e5c1f88eb14800
78,078.mp4,using remote controller (not gaming),691098f17dd04ca81c92ea3e
79,079.mp4,tying knot (not on a tie),69109906d41255a860ab07f3
80,080.mp4,situp,691099207dd04ca81c92ea68
81,081.mp4,dancing,69109939802978e5ff53b571
82,082.mp4,long jump,69109957d41255a860ab083b
83,083.mp4,playing basketball,6910997130bf014e82947cfb
84,084.mp4,Macarena Dance,6910998b25e5c1f88eb148b4
85,085.mp4,using remote controller (not gaming),691099a725e5c1f88eb148cd
86,086.mp4,making pizza,691099c2802978e5ff53b600
87,087.mp4,using computer,691099ddd41255a860ab08b5
88,088.mp4,parasailing,691099f830bf014e82947d75
89,089.mp4,playing badminton,69109a12d41255a860ab08e3
90,090.mp4,skateboarding,69109a2c802978e5ff53b663
91,091.mp4,picking fruit,69109a4825e5c1f88eb14967
92,092.mp4,tickling,69109a6225e5c1f88eb14986
93,093.mp4,situp,69109a7c30bf014e82947dec
94,094.mp4,building a snowman,69109a9630bf014e82947e09
95,095.mp4,ERROR,N/A
96,096.mp4,marching,69109ab130bf014e82947e23
97,097.mp4,playing didgeridoo,69109acf7dd04ca81c92ec0a
98,098.mp4,trapezing,69109ae330bf014e82947e4b
99,099.mp4,trapezing,69109afa30bf014e82947e59
100,100.mp4,picking fruit,69109b1325e5c1f88eb14a20
1000,1000.mp4,kayaking,69109ba2802978e5ff53b77e
101,101.mp4,skateboarding,69109bc761307028bce7cfd0
102,102.mp4,playing badminton,69109be2802978e5ff53b7af
103,103.mp4,ERROR,N/A
104,104.mp4,using computer,69109bfa61307028bce7cfff
105,105.mp4,situp,69109c1d30bf014e82947f54
106,106.mp4,skateboarding,69109c3725e5c1f88eb14af0
107,107.mp4,riding scooter,69109c5261307028bce7d047
108,108.mp4,tickling,69109c7361307028bce7d058
109,109.mp4,shuffling cards,69109c90d41255a860ab0ae7
110,110.mp4,situp,69109cac7dd04ca81c92ed7d
111,111.mp4,riding or walking with horse,69109cc6d41255a860ab0aff
112,112.mp4,tickling,69109ce061307028bce7d089
113,113.mp4,marching,69109cfa30bf014e82947fe5
114,114.mp4,tickling,69109d147dd04ca81c92ed9d
115,115.mp4,shining shoes,69109d2ed41255a860ab0b16
116,116.mp4,shining shoes,69109d4430bf014e82948003
117,117.mp4,playing basketball,69109d5d7dd04ca81c92edb5
118,118.mp4,using remote controller (not gaming),69109d78802978e5ff53b895
119,119.mp4,using remote controller (not gaming),69109d9261307028bce7d0e8
120,120.mp4,shuffling cards,69109dab7dd04ca81c92eded
121,121.mp4,tickling,69109dc7802978e5ff53b8c9
122,122.mp4,situp,69109de925e5c1f88eb14be4
123,123.mp4,riding scooter,69109e0361307028bce7d128
124,124.mp4,water sliding,69109e1d802978e5ff53b8ed
125,125.mp4,shining shoes,69109e3861307028bce7d142
126,126.mp4,shining shoes,69109e51d41255a860ab0ba9
127,127.mp4,long jump,69109e6c61307028bce7d153
128,128.mp4,playing trombone,69109e817dd04ca81c92ee45
129,129.mp4,riding or walking with horse,69109e9925e5c1f88eb14c23
130,130.mp4,marching,69109eb261307028bce7d175
131,131.mp4,dancing,69109ecc25e5c1f88eb14c49
132,132.mp4,playing trombone,69109ee725e5c1f88eb14c5d
133,133.mp4,building chimney,69109f0361307028bce7d1a1
134,134.mp4,trapezing,69109f1f30bf014e82948104
135,135.mp4,ERROR,N/A
136,136.mp4,ERROR,N/A
137,137.mp4,ERROR,N/A
138,138.mp4,ERROR,N/A
139,139.mp4,ERROR,N/A
140,140.mp4,ERROR,N/A
141,141.mp4,ERROR,N/A
142,142.mp4,ERROR,N/A
143,143.mp4,ERROR,N/A
144,144.mp4,ERROR,N/A
145,145.mp4,ERROR,N/A
146,146.mp4,ERROR,N/A
147,147.mp4,ERROR,N/A
148,148.mp4,ERROR,N/A
149,149.mp4,ERROR,N/A
150,150.mp4,ERROR,N/A
151,151.mp4,ERROR,N/A
152,152.mp4,ERROR,N/A
153,153.mp4,ERROR,N/A
154,154.mp4,ERROR,N/A
155,155.mp4,ERROR,N/A
156,156.mp4,ERROR,N/A
157,157.mp4,ERROR,N/A
158,158.mp4,ERROR,N/A
159,159.mp4,ERROR,N/A
160,160.mp4,ERROR,N/A
161,161.mp4,ERROR,N/A
162,162.mp4,ERROR,N/A
163,163.mp4,ERROR,N/A
164,164.mp4,ERROR,N/A
165,165.mp4,ERROR,N/A
166,166.mp4,ERROR,N/A
167,167.mp4,ERROR,N/A
168,168.mp4,ERROR,N/A
169,169.mp4,ERROR,N/A
170,170.mp4,ERROR,N/A
171,171.mp4,ERROR,N/A
172,172.mp4,ERROR,N/A
173,173.mp4,ERROR,N/A
174,174.mp4,ERROR,N/A
175,175.mp4,ERROR,N/A
176,176.mp4,ERROR,N/A
177,177.mp4,ERROR,N/A
178,178.mp4,ERROR,N/A
179,179.mp4,ERROR,N/A
180,180.mp4,ERROR,N/A
181,181.mp4,ERROR,N/A
182,182.mp4,ERROR,N/A
183,183.mp4,ERROR,N/A
184,184.mp4,ERROR,N/A
185,185.mp4,ERROR,N/A
186,186.mp4,ERROR,N/A
187,187.mp4,ERROR,N/A
188,188.mp4,ERROR,N/A
189,189.mp4,ERROR,N/A
190,190.mp4,ERROR,N/A
191,191.mp4,ERROR,N/A
192,192.mp4,ERROR,N/A
193,193.mp4,ERROR,N/A
194,194.mp4,ERROR,N/A
195,195.mp4,ERROR,N/A
196,196.mp4,ERROR,N/A
197,197.mp4,ERROR,N/A
198,198.mp4,ERROR,N/A
199,199.mp4,ERROR,N/A
200,200.mp4,ERROR,N/A
201,201.mp4,ERROR,N/A
202,202.mp4,ERROR,N/A
203,203.mp4,ERROR,N/A
204,204.mp4,ERROR,N/A
205,205.mp4,ERROR,N/A
206,206.mp4,ERROR,N/A
207,207.mp4,ERROR,N/A
208,208.mp4,ERROR,N/A
209,209.mp4,ERROR,N/A
210,210.mp4,ERROR,N/A
211,211.mp4,ERROR,N/A
212,212.mp4,ERROR,N/A
213,213.mp4,ERROR,N/A
214,214.mp4,ERROR,N/A
215,215.mp4,ERROR,N/A
216,216.mp4,ERROR,N/A
217,217.mp4,ERROR,N/A
218,218.mp4,ERROR,N/A
219,219.mp4,ERROR,N/A
220,220.mp4,ERROR,N/A
221,221.mp4,ERROR,N/A
222,222.mp4,ERROR,N/A
223,223.mp4,ERROR,N/A
224,224.mp4,ERROR,N/A
225,225.mp4,ERROR,N/A
226,226.mp4,ERROR,N/A
227,227.mp4,ERROR,N/A
228,228.mp4,ERROR,N/A
229,229.mp4,ERROR,N/A
230,230.mp4,ERROR,N/A
231,231.mp4,ERROR,N/A
232,232.mp4,ERROR,N/A
233,233.mp4,ERROR,N/A
234,234.mp4,ERROR,N/A
235,235.mp4,ERROR,N/A
236,236.mp4,ERROR,N/A
237,237.mp4,ERROR,N/A
238,238.mp4,ERROR,N/A
239,239.mp4,ERROR,N/A
240,240.mp4,ERROR,N/A
241,241.mp4,ERROR,N/A
242,242.mp4,ERROR,N/A
243,243.mp4,ERROR,N/A
244,244.mp4,ERROR,N/A
245,245.mp4,ERROR,N/A
246,246.mp4,ERROR,N/A
247,247.mp4,ERROR,N/A
248,248.mp4,ERROR,N/A
249,249.mp4,ERROR,N/A
250,250.mp4,ERROR,N/A
251,251.mp4,ERROR,N/A
252,252.mp4,ERROR,N/A
253,253.mp4,ERROR,N/A
254,254.mp4,ERROR,N/A
255,255.mp4,ERROR,N/A
256,256.mp4,ERROR,N/A
257,257.mp4,ERROR,N/A
258,258.mp4,ERROR,N/A
259,259.mp4,ERROR,N/A
260,260.mp4,ERROR,N/A
261,261.mp4,ERROR,N/A
262,262.mp4,ERROR,N/A
263,263.mp4,ERROR,N/A
264,264.mp4,ERROR,N/A
265,265.mp4,ERROR,N/A
266,266.mp4,ERROR,N/A
267,267.mp4,ERROR,N/A
268,268.mp4,ERROR,N/A
269,269.mp4,ERROR,N/A
270,270.mp4,ERROR,N/A
271,271.mp4,ERROR,N/A
272,272.mp4,ERROR,N/A
273,273.mp4,ERROR,N/A
274,274.mp4,ERROR,N/A
275,275.mp4,ERROR,N/A
276,276.mp4,ERROR,N/A
277,277.mp4,ERROR,N/A
278,278.mp4,ERROR,N/A
279,279.mp4,ERROR,N/A
280,280.mp4,ERROR,N/A
281,281.mp4,ERROR,N/A
282,282.mp4,ERROR,N/A
283,283.mp4,ERROR,N/A
284,284.mp4,ERROR,N/A
285,285.mp4,ERROR,N/A
286,286.mp4,ERROR,N/A
287,287.mp4,ERROR,N/A
288,288.mp4,ERROR,N/A
289,289.mp4,ERROR,N/A
290,290.mp4,ERROR,N/A
291,291.mp4,ERROR,N/A
292,292.mp4,ERROR,N/A
293,293.mp4,ERROR,N/A
294,294.mp4,ERROR,N/A
295,295.mp4,ERROR,N/A
296,296.mp4,ERROR,N/A
297,297.mp4,ERROR,N/A
298,298.mp4,ERROR,N/A
299,299.mp4,ERROR,N/A
300,300.mp4,ERROR,N/A
301,301.mp4,ERROR,N/A
302,302.mp4,ERROR,N/A
303,303.mp4,ERROR,N/A
304,304.mp4,ERROR,N/A
305,305.mp4,ERROR,N/A
306,306.mp4,ERROR,N/A
307,307.mp4,ERROR,N/A
308,308.mp4,ERROR,N/A
309,309.mp4,ERROR,N/A
310,310.mp4,ERROR,N/A
311,311.mp4,ERROR,N/A
312,312.mp4,ERROR,N/A
313,313.mp4,ERROR,N/A
314,314.mp4,ERROR,N/A
315,315.mp4,ERROR,N/A
316,316.mp4,ERROR,N/A
317,317.mp4,ERROR,N/A
318,318.mp4,ERROR,N/A
319,319.mp4,ERROR,N/A
320,320.mp4,ERROR,N/A
321,321.mp4,ERROR,N/A
322,322.mp4,ERROR,N/A
323,323.mp4,ERROR,N/A
324,324.mp4,ERROR,N/A
325,325.mp4,ERROR,N/A
326,326.mp4,ERROR,N/A
327,327.mp4,ERROR,N/A
328,328.mp4,ERROR,N/A
329,329.mp4,ERROR,N/A
330,330.mp4,ERROR,N/A
331,331.mp4,ERROR,N/A
332,332.mp4,ERROR,N/A
333,333.mp4,ERROR,N/A
334,334.mp4,ERROR,N/A
335,335.mp4,ERROR,N/A
336,336.mp4,ERROR,N/A
337,337.mp4,ERROR,N/A
338,338.mp4,ERROR,N/A
339,339.mp4,ERROR,N/A
340,340.mp4,ERROR,N/A
341,341.mp4,ERROR,N/A
342,342.mp4,ERROR,N/A
343,343.mp4,ERROR,N/A
344,344.mp4,ERROR,N/A
345,345.mp4,ERROR,N/A
346,346.mp4,ERROR,N/A
347,347.mp4,ERROR,N/A
348,348.mp4,ERROR,N/A
349,349.mp4,ERROR,N/A
350,350.mp4,ERROR,N/A
351,351.mp4,ERROR,N/A
352,352.mp4,ERROR,N/A
353,353.mp4,ERROR,N/A
354,354.mp4,ERROR,N/A
355,355.mp4,ERROR,N/A
356,356.mp4,ERROR,N/A
357,357.mp4,ERROR,N/A
358,358.mp4,ERROR,N/A
359,359.mp4,ERROR,N/A
360,360.mp4,ERROR,N/A
361,361.mp4,ERROR,N/A
362,362.mp4,ERROR,N/A
363,363.mp4,ERROR,N/A
364,364.mp4,ERROR,N/A
365,365.mp4,ERROR,N/A
366,366.mp4,ERROR,N/A
367,367.mp4,ERROR,N/A
368,368.mp4,ERROR,N/A
369,369.mp4,ERROR,N/A
370,370.mp4,ERROR,N/A
371,371.mp4,ERROR,N/A
372,372.mp4,ERROR,N/A
373,373.mp4,ERROR,N/A
374,374.mp4,ERROR,N/A
375,375.mp4,ERROR,N/A
376,376.mp4,ERROR,N/A
377,377.mp4,ERROR,N/A
378,378.mp4,ERROR,N/A
379,379.mp4,ERROR,N/A
380,380.mp4,ERROR,N/A
381,381.mp4,ERROR,N/A
382,382.mp4,ERROR,N/A
383,383.mp4,ERROR,N/A
384,384.mp4,ERROR,N/A
385,385.mp4,ERROR,N/A
386,386.mp4,ERROR,N/A
387,387.mp4,ERROR,N/A
388,388.mp4,ERROR,N/A
389,389.mp4,ERROR,N/A
390,390.mp4,ERROR,N/A
391,391.mp4,ERROR,N/A
392,392.mp4,ERROR,N/A
393,393.mp4,ERROR,N/A
394,394.mp4,ERROR,N/A
395,395.mp4,ERROR,N/A
396,396.mp4,ERROR,N/A
397,397.mp4,ERROR,N/A
398,398.mp4,ERROR,N/A
399,399.mp4,ERROR,N/A
400,400.mp4,ERROR,N/A
401,401.mp4,ERROR,N/A
402,402.mp4,ERROR,N/A
403,403.mp4,ERROR,N/A
404,404.mp4,ERROR,N/A
405,405.mp4,ERROR,N/A
406,406.mp4,ERROR,N/A
407,407.mp4,ERROR,N/A
408,408.mp4,ERROR,N/A
409,409.mp4,ERROR,N/A
410,410.mp4,ERROR,N/A
411,411.mp4,ERROR,N/A
412,412.mp4,ERROR,N/A
413,413.mp4,ERROR,N/A
414,414.mp4,ERROR,N/A
415,415.mp4,ERROR,N/A
416,416.mp4,ERROR,N/A
417,417.mp4,ERROR,N/A
418,418.mp4,ERROR,N/A
419,419.mp4,ERROR,N/A
420,420.mp4,ERROR,N/A
421,421.mp4,ERROR,N/A
422,422.mp4,ERROR,N/A
423,423.mp4,ERROR,N/A
424,424.mp4,ERROR,N/A
425,425.mp4,ERROR,N/A
426,426.mp4,ERROR,N/A
427,427.mp4,ERROR,N/A
428,428.mp4,ERROR,N/A
429,429.mp4,ERROR,N/A
430,430.mp4,ERROR,N/A
431,431.mp4,ERROR,N/A
432,432.mp4,ERROR,N/A
433,433.mp4,ERROR,N/A
434,434.mp4,ERROR,N/A
435,435.mp4,ERROR,N/A
436,436.mp4,ERROR,N/A
437,437.mp4,ERROR,N/A
438,438.mp4,ERROR,N/A
439,439.mp4,ERROR,N/A
440,440.mp4,ERROR,N/A
441,441.mp4,ERROR,N/A
442,442.mp4,ERROR,N/A
443,443.mp4,ERROR,N/A
444,444.mp4,ERROR,N/A
445,445.mp4,ERROR,N/A
446,446.mp4,ERROR,N/A
447,447.mp4,ERROR,N/A
448,448.mp4,ERROR,N/A
449,449.mp4,ERROR,N/A
450,450.mp4,ERROR,N/A
451,451.mp4,ERROR,N/A
452,452.mp4,ERROR,N/A
453,453.mp4,ERROR,N/A
454,454.mp4,ERROR,N/A
455,455.mp4,ERROR,N/A
456,456.mp4,ERROR,N/A
457,457.mp4,ERROR,N/A
458,458.mp4,ERROR,N/A
459,459.mp4,ERROR,N/A
460,460.mp4,ERROR,N/A
461,461.mp4,ERROR,N/A
462,462.mp4,ERROR,N/A
463,463.mp4,ERROR,N/A
464,464.mp4,ERROR,N/A
465,465.mp4,ERROR,N/A
466,466.mp4,ERROR,N/A
467,467.mp4,ERROR,N/A
468,468.mp4,ERROR,N/A
469,469.mp4,ERROR,N/A
470,470.mp4,ERROR,N/A
471,471.mp4,ERROR,N/A
472,472.mp4,ERROR,N/A
473,473.mp4,ERROR,N/A
474,474.mp4,ERROR,N/A
475,475.mp4,ERROR,N/A
476,476.mp4,ERROR,N/A
477,477.mp4,ERROR,N/A
478,478.mp4,ERROR,N/A
479,479.mp4,ERROR,N/A
480,480.mp4,ERROR,N/A
481,481.mp4,ERROR,N/A
482,482.mp4,ERROR,N/A
483,483.mp4,ERROR,N/A
484,484.mp4,ERROR,N/A
485,485.mp4,ERROR,N/A
486,486.mp4,ERROR,N/A
487,487.mp4,ERROR,N/A
488,488.mp4,ERROR,N/A
489,489.mp4,ERROR,N/A
490,490.mp4,ERROR,N/A
491,491.mp4,ERROR,N/A
492,492.mp4,ERROR,N/A
493,493.mp4,ERROR,N/A
494,494.mp4,ERROR,N/A
495,495.mp4,ERROR,N/A
496,496.mp4,ERROR,N/A
497,497.mp4,ERROR,N/A
498,498.mp4,ERROR,N/A
499,499.mp4,ERROR,N/A
500,500.mp4,ERROR,N/A
501,501.mp4,ERROR,N/A
502,502.mp4,ERROR,N/A
503,503.mp4,ERROR,N/A
504,504.mp4,ERROR,N/A
505,505.mp4,ERROR,N/A
506,506.mp4,ERROR,N/A
507,507.mp4,ERROR,N/A
508,508.mp4,ERROR,N/A
509,509.mp4,ERROR,N/A
510,510.mp4,ERROR,N/A
511,511.mp4,ERROR,N/A
512,512.mp4,ERROR,N/A
513,513.mp4,ERROR,N/A
514,514.mp4,ERROR,N/A
515,515.mp4,ERROR,N/A
516,516.mp4,ERROR,N/A
517,517.mp4,ERROR,N/A
518,518.mp4,ERROR,N/A
519,519.mp4,ERROR,N/A
520,520.mp4,ERROR,N/A
521,521.mp4,ERROR,N/A
522,522.mp4,ERROR,N/A
523,523.mp4,ERROR,N/A
524,524.mp4,ERROR,N/A
525,525.mp4,ERROR,N/A
526,526.mp4,ERROR,N/A
527,527.mp4,ERROR,N/A
528,528.mp4,ERROR,N/A
529,529.mp4,ERROR,N/A
530,530.mp4,ERROR,N/A
531,531.mp4,ERROR,N/A
532,532.mp4,ERROR,N/A
533,533.mp4,ERROR,N/A
534,534.mp4,ERROR,N/A
535,535.mp4,ERROR,N/A
536,536.mp4,ERROR,N/A
537,537.mp4,ERROR,N/A
538,538.mp4,ERROR,N/A
539,539.mp4,ERROR,N/A
540,540.mp4,ERROR,N/A
541,541.mp4,ERROR,N/A
542,542.mp4,ERROR,N/A
543,543.mp4,ERROR,N/A
544,544.mp4,ERROR,N/A
545,545.mp4,ERROR,N/A
546,546.mp4,ERROR,N/A
547,547.mp4,ERROR,N/A
548,548.mp4,ERROR,N/A
549,549.mp4,ERROR,N/A
550,550.mp4,ERROR,N/A
551,551.mp4,ERROR,N/A
552,552.mp4,ERROR,N/A
553,553.mp4,ERROR,N/A
554,554.mp4,ERROR,N/A
555,555.mp4,ERROR,N/A
556,556.mp4,ERROR,N/A
557,557.mp4,ERROR,N/A
558,558.mp4,ERROR,N/A
559,559.mp4,ERROR,N/A
560,560.mp4,ERROR,N/A
561,561.mp4,ERROR,N/A
562,562.mp4,ERROR,N/A
563,563.mp4,ERROR,N/A
564,564.mp4,ERROR,N/A
565,565.mp4,ERROR,N/A
566,566.mp4,ERROR,N/A
567,567.mp4,ERROR,N/A
568,568.mp4,ERROR,N/A
569,569.mp4,ERROR,N/A
570,570.mp4,ERROR,N/A
571,571.mp4,ERROR,N/A
572,572.mp4,ERROR,N/A
573,573.mp4,ERROR,N/A
574,574.mp4,ERROR,N/A
575,575.mp4,ERROR,N/A
576,576.mp4,ERROR,N/A
577,577.mp4,ERROR,N/A
578,578.mp4,ERROR,N/A
579,579.mp4,ERROR,N/A
580,580.mp4,ERROR,N/A
581,581.mp4,ERROR,N/A
582,582.mp4,ERROR,N/A
583,583.mp4,ERROR,N/A
584,584.mp4,ERROR,N/A
585,585.mp4,ERROR,N/A
586,586.mp4,ERROR,N/A
587,587.mp4,ERROR,N/A
588,588.mp4,ERROR,N/A
589,589.mp4,ERROR,N/A
590,590.mp4,ERROR,N/A
591,591.mp4,ERROR,N/A
592,592.mp4,ERROR,N/A
593,593.mp4,ERROR,N/A
594,594.mp4,ERROR,N/A
595,595.mp4,ERROR,N/A
596,596.mp4,ERROR,N/A
597,597.mp4,ERROR,N/A
598,598.mp4,ERROR,N/A
599,599.mp4,ERROR,N/A
600,600.mp4,ERROR,N/A
601,601.mp4,ERROR,N/A
602,602.mp4,ERROR,N/A
603,603.mp4,ERROR,N/A
604,604.mp4,ERROR,N/A
605,605.mp4,ERROR,N/A
606,606.mp4,ERROR,N/A
607,607.mp4,ERROR,N/A
608,608.mp4,ERROR,N/A
609,609.mp4,ERROR,N/A
610,610.mp4,ERROR,N/A
611,611.mp4,ERROR,N/A
612,612.mp4,ERROR,N/A
613,613.mp4,ERROR,N/A
614,614.mp4,ERROR,N/A
615,615.mp4,ERROR,N/A
616,616.mp4,ERROR,N/A
617,617.mp4,ERROR,N/A
618,618.mp4,ERROR,N/A
619,619.mp4,ERROR,N/A
620,620.mp4,ERROR,N/A
621,621.mp4,ERROR,N/A
622,622.mp4,ERROR,N/A
623,623.mp4,ERROR,N/A
624,624.mp4,ERROR,N/A
625,625.mp4,ERROR,N/A
626,626.mp4,ERROR,N/A
627,627.mp4,ERROR,N/A
628,628.mp4,ERROR,N/A
629,629.mp4,ERROR,N/A
630,630.mp4,ERROR,N/A
631,631.mp4,ERROR,N/A
632,632.mp4,ERROR,N/A
633,633.mp4,ERROR,N/A
634,634.mp4,ERROR,N/A
635,635.mp4,ERROR,N/A
636,636.mp4,ERROR,N/A
637,637.mp4,ERROR,N/A
638,638.mp4,ERROR,N/A
639,639.mp4,ERROR,N/A
640,640.mp4,ERROR,N/A
641,641.mp4,ERROR,N/A
642,642.mp4,ERROR,N/A
643,643.mp4,ERROR,N/A
644,644.mp4,ERROR,N/A
645,645.mp4,ERROR,N/A
646,646.mp4,ERROR,N/A
647,647.mp4,ERROR,N/A
648,648.mp4,ERROR,N/A
649,649.mp4,ERROR,N/A
650,650.mp4,ERROR,N/A
651,651.mp4,ERROR,N/A
652,652.mp4,ERROR,N/A
653,653.mp4,ERROR,N/A
654,654.mp4,ERROR,N/A
655,655.mp4,ERROR,N/A
656,656.mp4,ERROR,N/A
657,657.mp4,ERROR,N/A
658,658.mp4,ERROR,N/A
659,659.mp4,ERROR,N/A
660,660.mp4,ERROR,N/A
661,661.mp4,ERROR,N/A
662,662.mp4,ERROR,N/A
663,663.mp4,ERROR,N/A
664,664.mp4,ERROR,N/A
665,665.mp4,ERROR,N/A
666,666.mp4,ERROR,N/A
667,667.mp4,ERROR,N/A
668,668.mp4,ERROR,N/A
669,669.mp4,ERROR,N/A
670,670.mp4,ERROR,N/A
671,671.mp4,ERROR,N/A
672,672.mp4,ERROR,N/A
673,673.mp4,ERROR,N/A
674,674.mp4,ERROR,N/A
675,675.mp4,ERROR,N/A
676,676.mp4,ERROR,N/A
677,677.mp4,ERROR,N/A
678,678.mp4,ERROR,N/A
679,679.mp4,ERROR,N/A
680,680.mp4,ERROR,N/A
681,681.mp4,ERROR,N/A
682,682.mp4,ERROR,N/A
683,683.mp4,ERROR,N/A
684,684.mp4,ERROR,N/A
685,685.mp4,ERROR,N/A
686,686.mp4,ERROR,N/A
687,687.mp4,ERROR,N/A
688,688.mp4,ERROR,N/A
689,689.mp4,ERROR,N/A
690,690.mp4,ERROR,N/A
691,691.mp4,ERROR,N/A
692,692.mp4,ERROR,N/A
693,693.mp4,ERROR,N/A
694,694.mp4,ERROR,N/A
695,695.mp4,ERROR,N/A
696,696.mp4,ERROR,N/A
697,697.mp4,ERROR,N/A
698,698.mp4,ERROR,N/A
699,699.mp4,ERROR,N/A
700,700.mp4,ERROR,N/A
701,701.mp4,ERROR,N/A
702,702.mp4,ERROR,N/A
703,703.mp4,ERROR,N/A
704,704.mp4,ERROR,N/A
705,705.mp4,ERROR,N/A
706,706.mp4,ERROR,N/A
707,707.mp4,ERROR,N/A
708,708.mp4,ERROR,N/A
709,709.mp4,ERROR,N/A
710,710.mp4,ERROR,N/A
711,711.mp4,ERROR,N/A
712,712.mp4,ERROR,N/A
713,713.mp4,ERROR,N/A
714,714.mp4,ERROR,N/A
715,715.mp4,ERROR,N/A
716,716.mp4,ERROR,N/A
717,717.mp4,ERROR,N/A
718,718.mp4,ERROR,N/A
719,719.mp4,ERROR,N/A
720,720.mp4,ERROR,N/A
721,721.mp4,ERROR,N/A
722,722.mp4,ERROR,N/A
723,723.mp4,ERROR,N/A
724,724.mp4,ERROR,N/A
725,725.mp4,ERROR,N/A
726,726.mp4,ERROR,N/A
727,727.mp4,ERROR,N/A
728,728.mp4,ERROR,N/A
729,729.mp4,ERROR,N/A
730,730.mp4,ERROR,N/A
731,731.mp4,ERROR,N/A
732,732.mp4,ERROR,N/A
733,733.mp4,ERROR,N/A
734,734.mp4,ERROR,N/A
735,735.mp4,ERROR,N/A
736,736.mp4,ERROR,N/A
737,737.mp4,ERROR,N/A
738,738.mp4,ERROR,N/A
739,739.mp4,ERROR,N/A
740,740.mp4,ERROR,N/A
741,741.mp4,ERROR,N/A
742,742.mp4,ERROR,N/A
743,743.mp4,ERROR,N/A
744,744.mp4,ERROR,N/A
745,745.mp4,ERROR,N/A
746,746.mp4,ERROR,N/A
747,747.mp4,ERROR,N/A
748,748.mp4,ERROR,N/A
749,749.mp4,ERROR,N/A
750,750.mp4,ERROR,N/A
751,751.mp4,ERROR,N/A
752,752.mp4,ERROR,N/A
753,753.mp4,ERROR,N/A
754,754.mp4,ERROR,N/A
755,755.mp4,ERROR,N/A
756,756.mp4,ERROR,N/A
757,757.mp4,ERROR,N/A
758,758.mp4,ERROR,N/A
759,759.mp4,ERROR,N/A
760,760.mp4,ERROR,N/A
761,761.mp4,ERROR,N/A
762,762.mp4,ERROR,N/A
763,763.mp4,ERROR,N/A
764,764.mp4,ERROR,N/A
765,765.mp4,ERROR,N/A
766,766.mp4,ERROR,N/A
767,767.mp4,ERROR,N/A
768,768.mp4,ERROR,N/A
769,769.mp4,ERROR,N/A
770,770.mp4,ERROR,N/A
771,771.mp4,ERROR,N/A
772,772.mp4,ERROR,N/A
773,773.mp4,ERROR,N/A
774,774.mp4,ERROR,N/A
775,775.mp4,ERROR,N/A
776,776.mp4,ERROR,N/A
777,777.mp4,ERROR,N/A
778,778.mp4,ERROR,N/A
779,779.mp4,ERROR,N/A
780,780.mp4,ERROR,N/A
781,781.mp4,ERROR,N/A
782,782.mp4,ERROR,N/A
783,783.mp4,ERROR,N/A
784,784.mp4,ERROR,N/A
785,785.mp4,ERROR,N/A
786,786.mp4,ERROR,N/A
787,787.mp4,ERROR,N/A
788,788.mp4,ERROR,N/A
789,789.mp4,ERROR,N/A
790,790.mp4,ERROR,N/A
791,791.mp4,ERROR,N/A
792,792.mp4,ERROR,N/A
793,793.mp4,ERROR,N/A
794,794.mp4,ERROR,N/A
795,795.mp4,ERROR,N/A
796,796.mp4,ERROR,N/A
797,797.mp4,ERROR,N/A
798,798.mp4,ERROR,N/A
799,799.mp4,ERROR,N/A
800,800.mp4,ERROR,N/A
801,801.mp4,ERROR,N/A
802,802.mp4,ERROR,N/A
803,803.mp4,ERROR,N/A
804,804.mp4,ERROR,N/A
805,805.mp4,ERROR,N/A
806,806.mp4,ERROR,N/A
807,807.mp4,ERROR,N/A
808,808.mp4,ERROR,N/A
809,809.mp4,ERROR,N/A
810,810.mp4,ERROR,N/A
811,811.mp4,ERROR,N/A
812,812.mp4,ERROR,N/A
813,813.mp4,ERROR,N/A
814,814.mp4,ERROR,N/A
815,815.mp4,ERROR,N/A
816,816.mp4,ERROR,N/A
817,817.mp4,ERROR,N/A
818,818.mp4,ERROR,N/A
819,819.mp4,ERROR,N/A
820,820.mp4,ERROR,N/A
821,821.mp4,ERROR,N/A
822,822.mp4,ERROR,N/A
823,823.mp4,ERROR,N/A
824,824.mp4,ERROR,N/A
825,825.mp4,ERROR,N/A
826,826.mp4,ERROR,N/A
827,827.mp4,ERROR,N/A
828,828.mp4,ERROR,N/A
829,829.mp4,ERROR,N/A
830,830.mp4,ERROR,N/A
831,831.mp4,ERROR,N/A
832,832.mp4,ERROR,N/A
833,833.mp4,ERROR,N/A
834,834.mp4,ERROR,N/A
835,835.mp4,ERROR,N/A
836,836.mp4,ERROR,N/A
837,837.mp4,ERROR,N/A
838,838.mp4,ERROR,N/A
839,839.mp4,ERROR,N/A
840,840.mp4,ERROR,N/A
841,841.mp4,ERROR,N/A
842,842.mp4,ERROR,N/A
843,843.mp4,ERROR,N/A
844,844.mp4,ERROR,N/A
845,845.mp4,ERROR,N/A
846,846.mp4,ERROR,N/A
847,847.mp4,ERROR,N/A
848,848.mp4,ERROR,N/A
849,849.mp4,ERROR,N/A
850,850.mp4,ERROR,N/A
851,851.mp4,ERROR,N/A
852,852.mp4,ERROR,N/A
853,853.mp4,ERROR,N/A
854,854.mp4,ERROR,N/A
855,855.mp4,ERROR,N/A
856,856.mp4,ERROR,N/A
857,857.mp4,ERROR,N/A
858,858.mp4,ERROR,N/A
859,859.mp4,ERROR,N/A
860,860.mp4,ERROR,N/A
861,861.mp4,ERROR,N/A
862,862.mp4,ERROR,N/A
863,863.mp4,ERROR,N/A
864,864.mp4,ERROR,N/A
865,865.mp4,ERROR,N/A
866,866.mp4,ERROR,N/A
867,867.mp4,ERROR,N/A
868,868.mp4,ERROR,N/A
869,869.mp4,ERROR,N/A
870,870.mp4,ERROR,N/A
871,871.mp4,ERROR,N/A
872,872.mp4,ERROR,N/A
873,873.mp4,ERROR,N/A
874,874.mp4,ERROR,N/A
875,875.mp4,ERROR,N/A
876,876.mp4,ERROR,N/A
877,877.mp4,ERROR,N/A
878,878.mp4,ERROR,N/A
879,879.mp4,ERROR,N/A
880,880.mp4,ERROR,N/A
881,881.mp4,ERROR,N/A
882,882.mp4,ERROR,N/A
883,883.mp4,ERROR,N/A
884,884.mp4,ERROR,N/A
885,885.mp4,ERROR,N/A
886,886.mp4,ERROR,N/A
887,887.mp4,ERROR,N/A
888,888.mp4,ERROR,N/A
889,889.mp4,ERROR,N/A
890,890.mp4,ERROR,N/A
891,891.mp4,ERROR,N/A
892,892.mp4,ERROR,N/A
893,893.mp4,ERROR,N/A
894,894.mp4,ERROR,N/A
895,895.mp4,ERROR,N/A
896,896.mp4,ERROR,N/A
897,897.mp4,ERROR,N/A
898,898.mp4,ERROR,N/A
899,899.mp4,ERROR,N/A
900,900.mp4,ERROR,N/A
901,901.mp4,ERROR,N/A
902,902.mp4,ERROR,N/A
903,903.mp4,ERROR,N/A
904,904.mp4,ERROR,N/A
905,905.mp4,ERROR,N/A
906,906.mp4,ERROR,N/A
907,907.mp4,ERROR,N/A
908,908.mp4,ERROR,N/A
909,909.mp4,ERROR,N/A
910,910.mp4,ERROR,N/A
911,911.mp4,ERROR,N/A
912,912.mp4,ERROR,N/A
913,913.mp4,ERROR,N/A
914,914.mp4,ERROR,N/A
915,915.mp4,ERROR,N/A
916,916.mp4,ERROR,N/A
917,917.mp4,ERROR,N/A
918,918.mp4,ERROR,N/A
919,919.mp4,ERROR,N/A
920,920.mp4,ERROR,N/A
921,921.mp4,ERROR,N/A
922,922.mp4,ERROR,N/A
923,923.mp4,ERROR,N/A
924,924.mp4,ERROR,N/A
925,925.mp4,ERROR,N/A
926,926.mp4,ERROR,N/A
927,927.mp4,ERROR,N/A
928,928.mp4,ERROR,N/A
929,929.mp4,ERROR,N/A
930,930.mp4,ERROR,N/A
931,931.mp4,ERROR,N/A
932,932.mp4,ERROR,N/A
933,933.mp4,ERROR,N/A
934,934.mp4,ERROR,N/A
935,935.mp4,ERROR,N/A
936,936.mp4,ERROR,N/A
937,937.mp4,ERROR,N/A
938,938.mp4,ERROR,N/A
939,939.mp4,ERROR,N/A
940,940.mp4,ERROR,N/A
941,941.mp4,ERROR,N/A
942,942.mp4,ERROR,N/A
943,943.mp4,ERROR,N/A
944,944.mp4,ERROR,N/A
945,945.mp4,ERROR,N/A
946,946.mp4,ERROR,N/A
947,947.mp4,ERROR,N/A
948,948.mp4,ERROR,N/A
949,949.mp4,ERROR,N/A
950,950.mp4,ERROR,N/A
951,951.mp4,ERROR,N/A
952,952.mp4,ERROR,N/A
953,953.mp4,ERROR,N/A
954,954.mp4,ERROR,N/A
955,955.mp4,ERROR,N/A
956,956.mp4,ERROR,N/A
957,957.mp4,ERROR,N/A
958,958.mp4,ERROR,N/A
959,959.mp4,ERROR,N/A
960,960.mp4,ERROR,N/A
961,961.mp4,ERROR,N/A
962,962.mp4,ERROR,N/A
963,963.mp4,ERROR,N/A
964,964.mp4,ERROR,N/A
965,965.mp4,ERROR,N/A
966,966.mp4,ERROR,N/A
967,967.mp4,ERROR,N/A
968,968.mp4,ERROR,N/A
969,969.mp4,ERROR,N/A
970,970.mp4,ERROR,N/A
971,971.mp4,ERROR,N/A
972,972.mp4,ERROR,N/A
973,973.mp4,ERROR,N/A
974,974.mp4,ERROR,N/A
975,975.mp4,ERROR,N/A
976,976.mp4,ERROR,N/A
977,977.mp4,ERROR,N/A
978,978.mp4,ERROR,N/A
979,979.mp4,ERROR,N/A
980,980.mp4,ERROR,N/A
981,981.mp4,ERROR,N/A
982,982.mp4,ERROR,N/A
983,983.mp4,ERROR,N/A
984,984.mp4,ERROR,N/A
985,985.mp4,ERROR,N/A
986,986.mp4,ERROR,N/A
987,987.mp4,ERROR,N/A
988,988.mp4,ERROR,N/A
989,989.mp4,ERROR,N/A
990,990.mp4,ERROR,N/A
991,991.mp4,ERROR,N/A
992,992.mp4,ERROR,N/A
993,993.mp4,ERROR,N/A
994,994.mp4,ERROR,N/A
995,995.mp4,ERROR,N/A
996,996.mp4,ERROR,N/A
997,997.mp4,ERROR,N/A
998,998.mp4,ERROR,N/A
999,999.mp4,ERROR,N/A
